2/22/2025, 12:35:34 PM GMT+1 [Modules] Modules initializing
2/22/2025, 12:35:34 PM GMT+1 [Modules] Distribution: remote
2/22/2025, 12:35:34 PM GMT+1 [Modules] Host updates: enabled
2/22/2025, 12:35:34 PM GMT+1 [Modules] Module updates: enabled
2/22/2025, 12:35:34 PM GMT+1 [Modules] Module install path: /home/tmcooper/.config/discord/0.0.86/modules
2/22/2025, 12:35:34 PM GMT+1 [Modules] Module installed file path: /home/tmcooper/.config/discord/0.0.86/modules/installed.json
2/22/2025, 12:35:34 PM GMT+1 [Modules] Module download path: /home/tmcooper/.config/discord/0.0.86/modules/pending
2/22/2025, 12:35:38 PM GMT+1 [Modules] Bootstrapping...
2/22/2025, 12:35:38 PM GMT+1 [Modules] Installing discord_desktop_core@0 from /opt/discord/resources/bootstrap/discord_desktop_core.zip
2/22/2025, 12:35:38 PM GMT+1 [Modules] Failed installing discord_desktop_core@0: Error: ENOENT: no such file or directory, open '/opt/discord/resources/bootstrap/discord_desktop_core.zip'
2/22/2025, 12:35:38 PM GMT+1 [Modules] Installing discord_erlpack@0 from /opt/discord/resources/bootstrap/discord_erlpack.zip
2/22/2025, 12:35:38 PM GMT+1 [Modules] Failed installing discord_erlpack@0: Error: ENOENT: no such file or directory, open '/opt/discord/resources/bootstrap/discord_erlpack.zip'
2/22/2025, 12:35:38 PM GMT+1 [Modules] Installing discord_spellcheck@0 from /opt/discord/resources/bootstrap/discord_spellcheck.zip
2/22/2025, 12:35:38 PM GMT+1 [Modules] Failed installing discord_spellcheck@0: Error: ENOENT: no such file or directory, open '/opt/discord/resources/bootstrap/discord_spellcheck.zip'
2/22/2025, 12:35:38 PM GMT+1 [Modules] Installing discord_utils@0 from /opt/discord/resources/bootstrap/discord_utils.zip
2/22/2025, 12:35:38 PM GMT+1 [Modules] Failed installing discord_utils@0: Error: ENOENT: no such file or directory, open '/opt/discord/resources/bootstrap/discord_utils.zip'
2/22/2025, 12:35:38 PM GMT+1 [Modules] Installing discord_voice@0 from /opt/discord/resources/bootstrap/discord_voice.zip
2/22/2025, 12:35:38 PM GMT+1 [Modules] Failed installing discord_voice@0: Error: ENOENT: no such file or directory, open '/opt/discord/resources/bootstrap/discord_voice.zip'
2/22/2025, 12:35:38 PM GMT+1 [Modules] Installing discord_zstd@0 from /opt/discord/resources/bootstrap/discord_zstd.zip
2/22/2025, 12:35:38 PM GMT+1 [Modules] Failed installing discord_zstd@0: Error: ENOENT: no such file or directory, open '/opt/discord/resources/bootstrap/discord_zstd.zip'
2/22/2025, 12:35:38 PM GMT+1 [Modules] Finished module installations. [success: 0] [failure: 6]
2/22/2025, 12:35:38 PM GMT+1 [Modules] Checking for host updates.
2/22/2025, 12:35:40 PM GMT+1 [Modules] Host is up to date.
2/22/2025, 12:35:40 PM GMT+1 [Modules] Checking for module updates at https://discord.com/api/modules/stable/versions.json
2/22/2025, 12:35:40 PM GMT+1 [Modules] Module update available: discord_desktop_core@1 [installed: 0]
2/22/2025, 12:35:40 PM GMT+1 [Modules] Module update available: discord_erlpack@1 [installed: 0]
2/22/2025, 12:35:40 PM GMT+1 [Modules] Module update available: discord_spellcheck@1 [installed: 0]
2/22/2025, 12:35:40 PM GMT+1 [Modules] Module update available: discord_utils@1 [installed: 0]
2/22/2025, 12:35:40 PM GMT+1 [Modules] Module update available: discord_voice@1 [installed: 0]
2/22/2025, 12:35:40 PM GMT+1 [Modules] Module update available: discord_zstd@1 [installed: 0]
2/22/2025, 12:35:40 PM GMT+1 [Modules] Fetching discord_desktop_core@1 from https://discord.com/api/modules/stable/discord_desktop_core/1
2/22/2025, 12:35:40 PM GMT+1 [Modules] Streaming discord_desktop_core@1 to /home/tmcooper/.config/discord/0.0.86/modules/pending/discord_desktop_core-1.zip
2/22/2025, 12:35:40 PM GMT+1 [Modules] Streaming discord_desktop_core@1 to /home/tmcooper/.config/discord/0.0.86/modules/pending/discord_desktop_core-1.zip: 1%
2/22/2025, 12:35:40 PM GMT+1 [Modules] Streaming discord_desktop_core@1 to /home/tmcooper/.config/discord/0.0.86/modules/pending/discord_desktop_core-1.zip: 2%
2/22/2025, 12:35:41 PM GMT+1 [Modules] Streaming discord_desktop_core@1 to /home/tmcooper/.config/discord/0.0.86/modules/pending/discord_desktop_core-1.zip: 4%
2/22/2025, 12:35:41 PM GMT+1 [Modules] Streaming discord_desktop_core@1 to /home/tmcooper/.config/discord/0.0.86/modules/pending/discord_desktop_core-1.zip: 5%
2/22/2025, 12:35:41 PM GMT+1 [Modules] Streaming discord_desktop_core@1 to /home/tmcooper/.config/discord/0.0.86/modules/pending/discord_desktop_core-1.zip: 8%
2/22/2025, 12:35:42 PM GMT+1 [Modules] Streaming discord_desktop_core@1 to /home/tmcooper/.config/discord/0.0.86/modules/pending/discord_desktop_core-1.zip: 11%
2/22/2025, 12:35:42 PM GMT+1 [Modules] Streaming discord_desktop_core@1 to /home/tmcooper/.config/discord/0.0.86/modules/pending/discord_desktop_core-1.zip: 13%
2/22/2025, 12:35:42 PM GMT+1 [Modules] Streaming discord_desktop_core@1 to /home/tmcooper/.config/discord/0.0.86/modules/pending/discord_desktop_core-1.zip: 15%
2/22/2025, 12:35:42 PM GMT+1 [Modules] Streaming discord_desktop_core@1 to /home/tmcooper/.config/discord/0.0.86/modules/pending/discord_desktop_core-1.zip: 16%
2/22/2025, 12:35:42 PM GMT+1 [Modules] Streaming discord_desktop_core@1 to /home/tmcooper/.config/discord/0.0.86/modules/pending/discord_desktop_core-1.zip: 17%
2/22/2025, 12:35:42 PM GMT+1 [Modules] Streaming discord_desktop_core@1 to /home/tmcooper/.config/discord/0.0.86/modules/pending/discord_desktop_core-1.zip: 18%
2/22/2025, 12:35:42 PM GMT+1 [Modules] Streaming discord_desktop_core@1 to /home/tmcooper/.config/discord/0.0.86/modules/pending/discord_desktop_core-1.zip: 19%
2/22/2025, 12:35:42 PM GMT+1 [Modules] Streaming discord_desktop_core@1 to /home/tmcooper/.config/discord/0.0.86/modules/pending/discord_desktop_core-1.zip: 20%
2/22/2025, 12:35:42 PM GMT+1 [Modules] Streaming discord_desktop_core@1 to /home/tmcooper/.config/discord/0.0.86/modules/pending/discord_desktop_core-1.zip: 21%
2/22/2025, 12:35:42 PM GMT+1 [Modules] Streaming discord_desktop_core@1 to /home/tmcooper/.config/discord/0.0.86/modules/pending/discord_desktop_core-1.zip: 22%
2/22/2025, 12:35:43 PM GMT+1 [Modules] Streaming discord_desktop_core@1 to /home/tmcooper/.config/discord/0.0.86/modules/pending/discord_desktop_core-1.zip: 23%
2/22/2025, 12:35:43 PM GMT+1 [Modules] Streaming discord_desktop_core@1 to /home/tmcooper/.config/discord/0.0.86/modules/pending/discord_desktop_core-1.zip: 24%
2/22/2025, 12:35:43 PM GMT+1 [Modules] Streaming discord_desktop_core@1 to /home/tmcooper/.config/discord/0.0.86/modules/pending/discord_desktop_core-1.zip: 25%
2/22/2025, 12:35:43 PM GMT+1 [Modules] Streaming discord_desktop_core@1 to /home/tmcooper/.config/discord/0.0.86/modules/pending/discord_desktop_core-1.zip: 26%
2/22/2025, 12:35:43 PM GMT+1 [Modules] Streaming discord_desktop_core@1 to /home/tmcooper/.config/discord/0.0.86/modules/pending/discord_desktop_core-1.zip: 27%
2/22/2025, 12:35:43 PM GMT+1 [Modules] Streaming discord_desktop_core@1 to /home/tmcooper/.config/discord/0.0.86/modules/pending/discord_desktop_core-1.zip: 28%
2/22/2025, 12:35:44 PM GMT+1 [Modules] Streaming discord_desktop_core@1 to /home/tmcooper/.config/discord/0.0.86/modules/pending/discord_desktop_core-1.zip: 29%
2/22/2025, 12:35:44 PM GMT+1 [Modules] Streaming discord_desktop_core@1 to /home/tmcooper/.config/discord/0.0.86/modules/pending/discord_desktop_core-1.zip: 30%
2/22/2025, 12:35:44 PM GMT+1 [Modules] Streaming discord_desktop_core@1 to /home/tmcooper/.config/discord/0.0.86/modules/pending/discord_desktop_core-1.zip: 31%
2/22/2025, 12:35:44 PM GMT+1 [Modules] Streaming discord_desktop_core@1 to /home/tmcooper/.config/discord/0.0.86/modules/pending/discord_desktop_core-1.zip: 32%
2/22/2025, 12:35:45 PM GMT+1 [Modules] Streaming discord_desktop_core@1 to /home/tmcooper/.config/discord/0.0.86/modules/pending/discord_desktop_core-1.zip: 33%
2/22/2025, 12:35:45 PM GMT+1 [Modules] Streaming discord_desktop_core@1 to /home/tmcooper/.config/discord/0.0.86/modules/pending/discord_desktop_core-1.zip: 34%
2/22/2025, 12:35:45 PM GMT+1 [Modules] Streaming discord_desktop_core@1 to /home/tmcooper/.config/discord/0.0.86/modules/pending/discord_desktop_core-1.zip: 35%
2/22/2025, 12:35:45 PM GMT+1 [Modules] Streaming discord_desktop_core@1 to /home/tmcooper/.config/discord/0.0.86/modules/pending/discord_desktop_core-1.zip: 36%
2/22/2025, 12:35:45 PM GMT+1 [Modules] Streaming discord_desktop_core@1 to /home/tmcooper/.config/discord/0.0.86/modules/pending/discord_desktop_core-1.zip: 37%
2/22/2025, 12:35:46 PM GMT+1 [Modules] Streaming discord_desktop_core@1 to /home/tmcooper/.config/discord/0.0.86/modules/pending/discord_desktop_core-1.zip: 38%
2/22/2025, 12:35:46 PM GMT+1 [Modules] Streaming discord_desktop_core@1 to /home/tmcooper/.config/discord/0.0.86/modules/pending/discord_desktop_core-1.zip: 39%
2/22/2025, 12:35:46 PM GMT+1 [Modules] Streaming discord_desktop_core@1 to /home/tmcooper/.config/discord/0.0.86/modules/pending/discord_desktop_core-1.zip: 40%
2/22/2025, 12:35:46 PM GMT+1 [Modules] Streaming discord_desktop_core@1 to /home/tmcooper/.config/discord/0.0.86/modules/pending/discord_desktop_core-1.zip: 41%
2/22/2025, 12:35:46 PM GMT+1 [Modules] Streaming discord_desktop_core@1 to /home/tmcooper/.config/discord/0.0.86/modules/pending/discord_desktop_core-1.zip: 42%
2/22/2025, 12:35:46 PM GMT+1 [Modules] Streaming discord_desktop_core@1 to /home/tmcooper/.config/discord/0.0.86/modules/pending/discord_desktop_core-1.zip: 43%
2/22/2025, 12:35:47 PM GMT+1 [Modules] Streaming discord_desktop_core@1 to /home/tmcooper/.config/discord/0.0.86/modules/pending/discord_desktop_core-1.zip: 44%
2/22/2025, 12:35:47 PM GMT+1 [Modules] Streaming discord_desktop_core@1 to /home/tmcooper/.config/discord/0.0.86/modules/pending/discord_desktop_core-1.zip: 45%
2/22/2025, 12:35:47 PM GMT+1 [Modules] Streaming discord_desktop_core@1 to /home/tmcooper/.config/discord/0.0.86/modules/pending/discord_desktop_core-1.zip: 46%
2/22/2025, 12:35:47 PM GMT+1 [Modules] Streaming discord_desktop_core@1 to /home/tmcooper/.config/discord/0.0.86/modules/pending/discord_desktop_core-1.zip: 47%
2/22/2025, 12:35:48 PM GMT+1 [Modules] Streaming discord_desktop_core@1 to /home/tmcooper/.config/discord/0.0.86/modules/pending/discord_desktop_core-1.zip: 48%
2/22/2025, 12:35:48 PM GMT+1 [Modules] Streaming discord_desktop_core@1 to /home/tmcooper/.config/discord/0.0.86/modules/pending/discord_desktop_core-1.zip: 49%
2/22/2025, 12:35:48 PM GMT+1 [Modules] Streaming discord_desktop_core@1 to /home/tmcooper/.config/discord/0.0.86/modules/pending/discord_desktop_core-1.zip: 50%
2/22/2025, 12:35:48 PM GMT+1 [Modules] Streaming discord_desktop_core@1 to /home/tmcooper/.config/discord/0.0.86/modules/pending/discord_desktop_core-1.zip: 51%
2/22/2025, 12:35:49 PM GMT+1 [Modules] Streaming discord_desktop_core@1 to /home/tmcooper/.config/discord/0.0.86/modules/pending/discord_desktop_core-1.zip: 52%
2/22/2025, 12:35:49 PM GMT+1 [Modules] Streaming discord_desktop_core@1 to /home/tmcooper/.config/discord/0.0.86/modules/pending/discord_desktop_core-1.zip: 53%
2/22/2025, 12:35:49 PM GMT+1 [Modules] Streaming discord_desktop_core@1 to /home/tmcooper/.config/discord/0.0.86/modules/pending/discord_desktop_core-1.zip: 54%
2/22/2025, 12:35:50 PM GMT+1 [Modules] Streaming discord_desktop_core@1 to /home/tmcooper/.config/discord/0.0.86/modules/pending/discord_desktop_core-1.zip: 55%
2/22/2025, 12:35:50 PM GMT+1 [Modules] Streaming discord_desktop_core@1 to /home/tmcooper/.config/discord/0.0.86/modules/pending/discord_desktop_core-1.zip: 56%
2/22/2025, 12:35:50 PM GMT+1 [Modules] Streaming discord_desktop_core@1 to /home/tmcooper/.config/discord/0.0.86/modules/pending/discord_desktop_core-1.zip: 57%
2/22/2025, 12:35:50 PM GMT+1 [Modules] Streaming discord_desktop_core@1 to /home/tmcooper/.config/discord/0.0.86/modules/pending/discord_desktop_core-1.zip: 58%
2/22/2025, 12:35:51 PM GMT+1 [Modules] Streaming discord_desktop_core@1 to /home/tmcooper/.config/discord/0.0.86/modules/pending/discord_desktop_core-1.zip: 59%
2/22/2025, 12:35:51 PM GMT+1 [Modules] Streaming discord_desktop_core@1 to /home/tmcooper/.config/discord/0.0.86/modules/pending/discord_desktop_core-1.zip: 60%
2/22/2025, 12:35:51 PM GMT+1 [Modules] Streaming discord_desktop_core@1 to /home/tmcooper/.config/discord/0.0.86/modules/pending/discord_desktop_core-1.zip: 61%
2/22/2025, 12:35:51 PM GMT+1 [Modules] Streaming discord_desktop_core@1 to /home/tmcooper/.config/discord/0.0.86/modules/pending/discord_desktop_core-1.zip: 62%
2/22/2025, 12:35:52 PM GMT+1 [Modules] Streaming discord_desktop_core@1 to /home/tmcooper/.config/discord/0.0.86/modules/pending/discord_desktop_core-1.zip: 63%
2/22/2025, 12:35:52 PM GMT+1 [Modules] Streaming discord_desktop_core@1 to /home/tmcooper/.config/discord/0.0.86/modules/pending/discord_desktop_core-1.zip: 64%
2/22/2025, 12:35:52 PM GMT+1 [Modules] Streaming discord_desktop_core@1 to /home/tmcooper/.config/discord/0.0.86/modules/pending/discord_desktop_core-1.zip: 65%
2/22/2025, 12:35:52 PM GMT+1 [Modules] Streaming discord_desktop_core@1 to /home/tmcooper/.config/discord/0.0.86/modules/pending/discord_desktop_core-1.zip: 66%
2/22/2025, 12:35:52 PM GMT+1 [Modules] Streaming discord_desktop_core@1 to /home/tmcooper/.config/discord/0.0.86/modules/pending/discord_desktop_core-1.zip: 67%
2/22/2025, 12:35:53 PM GMT+1 [Modules] Streaming discord_desktop_core@1 to /home/tmcooper/.config/discord/0.0.86/modules/pending/discord_desktop_core-1.zip: 68%
2/22/2025, 12:35:53 PM GMT+1 [Modules] Streaming discord_desktop_core@1 to /home/tmcooper/.config/discord/0.0.86/modules/pending/discord_desktop_core-1.zip: 69%
2/22/2025, 12:35:53 PM GMT+1 [Modules] Streaming discord_desktop_core@1 to /home/tmcooper/.config/discord/0.0.86/modules/pending/discord_desktop_core-1.zip: 70%
2/22/2025, 12:35:53 PM GMT+1 [Modules] Streaming discord_desktop_core@1 to /home/tmcooper/.config/discord/0.0.86/modules/pending/discord_desktop_core-1.zip: 71%
2/22/2025, 12:35:53 PM GMT+1 [Modules] Streaming discord_desktop_core@1 to /home/tmcooper/.config/discord/0.0.86/modules/pending/discord_desktop_core-1.zip: 72%
2/22/2025, 12:35:53 PM GMT+1 [Modules] Streaming discord_desktop_core@1 to /home/tmcooper/.config/discord/0.0.86/modules/pending/discord_desktop_core-1.zip: 73%
2/22/2025, 12:35:54 PM GMT+1 [Modules] Streaming discord_desktop_core@1 to /home/tmcooper/.config/discord/0.0.86/modules/pending/discord_desktop_core-1.zip: 74%
2/22/2025, 12:35:54 PM GMT+1 [Modules] Streaming discord_desktop_core@1 to /home/tmcooper/.config/discord/0.0.86/modules/pending/discord_desktop_core-1.zip: 75%
2/22/2025, 12:35:54 PM GMT+1 [Modules] Streaming discord_desktop_core@1 to /home/tmcooper/.config/discord/0.0.86/modules/pending/discord_desktop_core-1.zip: 76%
2/22/2025, 12:35:54 PM GMT+1 [Modules] Streaming discord_desktop_core@1 to /home/tmcooper/.config/discord/0.0.86/modules/pending/discord_desktop_core-1.zip: 77%
2/22/2025, 12:35:54 PM GMT+1 [Modules] Streaming discord_desktop_core@1 to /home/tmcooper/.config/discord/0.0.86/modules/pending/discord_desktop_core-1.zip: 78%
2/22/2025, 12:35:54 PM GMT+1 [Modules] Streaming discord_desktop_core@1 to /home/tmcooper/.config/discord/0.0.86/modules/pending/discord_desktop_core-1.zip: 79%
2/22/2025, 12:35:55 PM GMT+1 [Modules] Streaming discord_desktop_core@1 to /home/tmcooper/.config/discord/0.0.86/modules/pending/discord_desktop_core-1.zip: 80%
2/22/2025, 12:35:55 PM GMT+1 [Modules] Streaming discord_desktop_core@1 to /home/tmcooper/.config/discord/0.0.86/modules/pending/discord_desktop_core-1.zip: 81%
2/22/2025, 12:35:55 PM GMT+1 [Modules] Streaming discord_desktop_core@1 to /home/tmcooper/.config/discord/0.0.86/modules/pending/discord_desktop_core-1.zip: 82%
2/22/2025, 12:35:55 PM GMT+1 [Modules] Streaming discord_desktop_core@1 to /home/tmcooper/.config/discord/0.0.86/modules/pending/discord_desktop_core-1.zip: 83%
2/22/2025, 12:35:55 PM GMT+1 [Modules] Streaming discord_desktop_core@1 to /home/tmcooper/.config/discord/0.0.86/modules/pending/discord_desktop_core-1.zip: 84%
2/22/2025, 12:35:55 PM GMT+1 [Modules] Streaming discord_desktop_core@1 to /home/tmcooper/.config/discord/0.0.86/modules/pending/discord_desktop_core-1.zip: 85%
2/22/2025, 12:35:55 PM GMT+1 [Modules] Streaming discord_desktop_core@1 to /home/tmcooper/.config/discord/0.0.86/modules/pending/discord_desktop_core-1.zip: 86%
2/22/2025, 12:35:56 PM GMT+1 [Modules] Streaming discord_desktop_core@1 to /home/tmcooper/.config/discord/0.0.86/modules/pending/discord_desktop_core-1.zip: 87%
2/22/2025, 12:35:56 PM GMT+1 [Modules] Streaming discord_desktop_core@1 to /home/tmcooper/.config/discord/0.0.86/modules/pending/discord_desktop_core-1.zip: 88%
2/22/2025, 12:35:56 PM GMT+1 [Modules] Streaming discord_desktop_core@1 to /home/tmcooper/.config/discord/0.0.86/modules/pending/discord_desktop_core-1.zip: 89%
2/22/2025, 12:35:56 PM GMT+1 [Modules] Streaming discord_desktop_core@1 to /home/tmcooper/.config/discord/0.0.86/modules/pending/discord_desktop_core-1.zip: 90%
2/22/2025, 12:35:56 PM GMT+1 [Modules] Streaming discord_desktop_core@1 to /home/tmcooper/.config/discord/0.0.86/modules/pending/discord_desktop_core-1.zip: 91%
2/22/2025, 12:35:57 PM GMT+1 [Modules] Streaming discord_desktop_core@1 to /home/tmcooper/.config/discord/0.0.86/modules/pending/discord_desktop_core-1.zip: 92%
2/22/2025, 12:35:57 PM GMT+1 [Modules] Streaming discord_desktop_core@1 to /home/tmcooper/.config/discord/0.0.86/modules/pending/discord_desktop_core-1.zip: 93%
2/22/2025, 12:35:57 PM GMT+1 [Modules] Streaming discord_desktop_core@1 to /home/tmcooper/.config/discord/0.0.86/modules/pending/discord_desktop_core-1.zip: 94%
2/22/2025, 12:35:57 PM GMT+1 [Modules] Streaming discord_desktop_core@1 to /home/tmcooper/.config/discord/0.0.86/modules/pending/discord_desktop_core-1.zip: 95%
2/22/2025, 12:35:57 PM GMT+1 [Modules] Streaming discord_desktop_core@1 to /home/tmcooper/.config/discord/0.0.86/modules/pending/discord_desktop_core-1.zip: 96%
2/22/2025, 12:35:57 PM GMT+1 [Modules] Streaming discord_desktop_core@1 to /home/tmcooper/.config/discord/0.0.86/modules/pending/discord_desktop_core-1.zip: 97%
2/22/2025, 12:35:58 PM GMT+1 [Modules] Streaming discord_desktop_core@1 to /home/tmcooper/.config/discord/0.0.86/modules/pending/discord_desktop_core-1.zip: 98%
2/22/2025, 12:35:58 PM GMT+1 [Modules] Streaming discord_desktop_core@1 to /home/tmcooper/.config/discord/0.0.86/modules/pending/discord_desktop_core-1.zip: 99%
2/22/2025, 12:35:58 PM GMT+1 [Modules] Streaming discord_desktop_core@1 to /home/tmcooper/.config/discord/0.0.86/modules/pending/discord_desktop_core-1.zip: 100%
2/22/2025, 12:35:58 PM GMT+1 [Modules] Fetching discord_erlpack@1 from https://discord.com/api/modules/stable/discord_erlpack/1
2/22/2025, 12:35:58 PM GMT+1 [Modules] Streaming discord_erlpack@1 to /home/tmcooper/.config/discord/0.0.86/modules/pending/discord_erlpack-1.zip
2/22/2025, 12:35:58 PM GMT+1 [Modules] Streaming discord_erlpack@1 to /home/tmcooper/.config/discord/0.0.86/modules/pending/discord_erlpack-1.zip: 1%
2/22/2025, 12:35:58 PM GMT+1 [Modules] Streaming discord_erlpack@1 to /home/tmcooper/.config/discord/0.0.86/modules/pending/discord_erlpack-1.zip: 2%
2/22/2025, 12:35:59 PM GMT+1 [Modules] Streaming discord_erlpack@1 to /home/tmcooper/.config/discord/0.0.86/modules/pending/discord_erlpack-1.zip: 3%
2/22/2025, 12:35:59 PM GMT+1 [Modules] Streaming discord_erlpack@1 to /home/tmcooper/.config/discord/0.0.86/modules/pending/discord_erlpack-1.zip: 4%
2/22/2025, 12:35:59 PM GMT+1 [Modules] Streaming discord_erlpack@1 to /home/tmcooper/.config/discord/0.0.86/modules/pending/discord_erlpack-1.zip: 5%
2/22/2025, 12:35:59 PM GMT+1 [Modules] Streaming discord_erlpack@1 to /home/tmcooper/.config/discord/0.0.86/modules/pending/discord_erlpack-1.zip: 6%
2/22/2025, 12:35:59 PM GMT+1 [Modules] Streaming discord_erlpack@1 to /home/tmcooper/.config/discord/0.0.86/modules/pending/discord_erlpack-1.zip: 7%
2/22/2025, 12:35:59 PM GMT+1 [Modules] Streaming discord_erlpack@1 to /home/tmcooper/.config/discord/0.0.86/modules/pending/discord_erlpack-1.zip: 8%
2/22/2025, 12:36:00 PM GMT+1 [Modules] Streaming discord_erlpack@1 to /home/tmcooper/.config/discord/0.0.86/modules/pending/discord_erlpack-1.zip: 9%
2/22/2025, 12:36:00 PM GMT+1 [Modules] Streaming discord_erlpack@1 to /home/tmcooper/.config/discord/0.0.86/modules/pending/discord_erlpack-1.zip: 10%
2/22/2025, 12:36:00 PM GMT+1 [Modules] Streaming discord_erlpack@1 to /home/tmcooper/.config/discord/0.0.86/modules/pending/discord_erlpack-1.zip: 11%
2/22/2025, 12:36:00 PM GMT+1 [Modules] Streaming discord_erlpack@1 to /home/tmcooper/.config/discord/0.0.86/modules/pending/discord_erlpack-1.zip: 12%
2/22/2025, 12:36:00 PM GMT+1 [Modules] Streaming discord_erlpack@1 to /home/tmcooper/.config/discord/0.0.86/modules/pending/discord_erlpack-1.zip: 13%
2/22/2025, 12:36:00 PM GMT+1 [Modules] Streaming discord_erlpack@1 to /home/tmcooper/.config/discord/0.0.86/modules/pending/discord_erlpack-1.zip: 14%
2/22/2025, 12:36:00 PM GMT+1 [Modules] Streaming discord_erlpack@1 to /home/tmcooper/.config/discord/0.0.86/modules/pending/discord_erlpack-1.zip: 15%
2/22/2025, 12:36:01 PM GMT+1 [Modules] Streaming discord_erlpack@1 to /home/tmcooper/.config/discord/0.0.86/modules/pending/discord_erlpack-1.zip: 16%
2/22/2025, 12:36:01 PM GMT+1 [Modules] Streaming discord_erlpack@1 to /home/tmcooper/.config/discord/0.0.86/modules/pending/discord_erlpack-1.zip: 17%
2/22/2025, 12:36:01 PM GMT+1 [Modules] Streaming discord_erlpack@1 to /home/tmcooper/.config/discord/0.0.86/modules/pending/discord_erlpack-1.zip: 18%
2/22/2025, 12:36:01 PM GMT+1 [Modules] Streaming discord_erlpack@1 to /home/tmcooper/.config/discord/0.0.86/modules/pending/discord_erlpack-1.zip: 19%
2/22/2025, 12:36:01 PM GMT+1 [Modules] Streaming discord_erlpack@1 to /home/tmcooper/.config/discord/0.0.86/modules/pending/discord_erlpack-1.zip: 20%
2/22/2025, 12:36:01 PM GMT+1 [Modules] Streaming discord_erlpack@1 to /home/tmcooper/.config/discord/0.0.86/modules/pending/discord_erlpack-1.zip: 21%
2/22/2025, 12:36:02 PM GMT+1 [Modules] Streaming discord_erlpack@1 to /home/tmcooper/.config/discord/0.0.86/modules/pending/discord_erlpack-1.zip: 22%
2/22/2025, 12:36:02 PM GMT+1 [Modules] Streaming discord_erlpack@1 to /home/tmcooper/.config/discord/0.0.86/modules/pending/discord_erlpack-1.zip: 23%
2/22/2025, 12:36:02 PM GMT+1 [Modules] Streaming discord_erlpack@1 to /home/tmcooper/.config/discord/0.0.86/modules/pending/discord_erlpack-1.zip: 24%
2/22/2025, 12:36:02 PM GMT+1 [Modules] Streaming discord_erlpack@1 to /home/tmcooper/.config/discord/0.0.86/modules/pending/discord_erlpack-1.zip: 25%
2/22/2025, 12:36:02 PM GMT+1 [Modules] Streaming discord_erlpack@1 to /home/tmcooper/.config/discord/0.0.86/modules/pending/discord_erlpack-1.zip: 26%
2/22/2025, 12:36:02 PM GMT+1 [Modules] Streaming discord_erlpack@1 to /home/tmcooper/.config/discord/0.0.86/modules/pending/discord_erlpack-1.zip: 27%
2/22/2025, 12:36:03 PM GMT+1 [Modules] Streaming discord_erlpack@1 to /home/tmcooper/.config/discord/0.0.86/modules/pending/discord_erlpack-1.zip: 28%
2/22/2025, 12:36:03 PM GMT+1 [Modules] Streaming discord_erlpack@1 to /home/tmcooper/.config/discord/0.0.86/modules/pending/discord_erlpack-1.zip: 29%
2/22/2025, 12:36:03 PM GMT+1 [Modules] Streaming discord_erlpack@1 to /home/tmcooper/.config/discord/0.0.86/modules/pending/discord_erlpack-1.zip: 30%
2/22/2025, 12:36:03 PM GMT+1 [Modules] Streaming discord_erlpack@1 to /home/tmcooper/.config/discord/0.0.86/modules/pending/discord_erlpack-1.zip: 31%
2/22/2025, 12:36:03 PM GMT+1 [Modules] Streaming discord_erlpack@1 to /home/tmcooper/.config/discord/0.0.86/modules/pending/discord_erlpack-1.zip: 32%
2/22/2025, 12:36:03 PM GMT+1 [Modules] Streaming discord_erlpack@1 to /home/tmcooper/.config/discord/0.0.86/modules/pending/discord_erlpack-1.zip: 33%
2/22/2025, 12:36:03 PM GMT+1 [Modules] Streaming discord_erlpack@1 to /home/tmcooper/.config/discord/0.0.86/modules/pending/discord_erlpack-1.zip: 34%
2/22/2025, 12:36:04 PM GMT+1 [Modules] Streaming discord_erlpack@1 to /home/tmcooper/.config/discord/0.0.86/modules/pending/discord_erlpack-1.zip: 35%
2/22/2025, 12:36:04 PM GMT+1 [Modules] Streaming discord_erlpack@1 to /home/tmcooper/.config/discord/0.0.86/modules/pending/discord_erlpack-1.zip: 36%
2/22/2025, 12:36:04 PM GMT+1 [Modules] Streaming discord_erlpack@1 to /home/tmcooper/.config/discord/0.0.86/modules/pending/discord_erlpack-1.zip: 37%
2/22/2025, 12:36:04 PM GMT+1 [Modules] Streaming discord_erlpack@1 to /home/tmcooper/.config/discord/0.0.86/modules/pending/discord_erlpack-1.zip: 38%
2/22/2025, 12:36:04 PM GMT+1 [Modules] Streaming discord_erlpack@1 to /home/tmcooper/.config/discord/0.0.86/modules/pending/discord_erlpack-1.zip: 39%
2/22/2025, 12:36:04 PM GMT+1 [Modules] Streaming discord_erlpack@1 to /home/tmcooper/.config/discord/0.0.86/modules/pending/discord_erlpack-1.zip: 40%
2/22/2025, 12:36:04 PM GMT+1 [Modules] Streaming discord_erlpack@1 to /home/tmcooper/.config/discord/0.0.86/modules/pending/discord_erlpack-1.zip: 41%
2/22/2025, 12:36:04 PM GMT+1 [Modules] Streaming discord_erlpack@1 to /home/tmcooper/.config/discord/0.0.86/modules/pending/discord_erlpack-1.zip: 42%
2/22/2025, 12:36:05 PM GMT+1 [Modules] Streaming discord_erlpack@1 to /home/tmcooper/.config/discord/0.0.86/modules/pending/discord_erlpack-1.zip: 43%
2/22/2025, 12:36:05 PM GMT+1 [Modules] Streaming discord_erlpack@1 to /home/tmcooper/.config/discord/0.0.86/modules/pending/discord_erlpack-1.zip: 44%
2/22/2025, 12:36:05 PM GMT+1 [Modules] Streaming discord_erlpack@1 to /home/tmcooper/.config/discord/0.0.86/modules/pending/discord_erlpack-1.zip: 45%
2/22/2025, 12:36:05 PM GMT+1 [Modules] Streaming discord_erlpack@1 to /home/tmcooper/.config/discord/0.0.86/modules/pending/discord_erlpack-1.zip: 46%
2/22/2025, 12:36:05 PM GMT+1 [Modules] Streaming discord_erlpack@1 to /home/tmcooper/.config/discord/0.0.86/modules/pending/discord_erlpack-1.zip: 47%
2/22/2025, 12:36:05 PM GMT+1 [Modules] Streaming discord_erlpack@1 to /home/tmcooper/.config/discord/0.0.86/modules/pending/discord_erlpack-1.zip: 48%
2/22/2025, 12:36:05 PM GMT+1 [Modules] Streaming discord_erlpack@1 to /home/tmcooper/.config/discord/0.0.86/modules/pending/discord_erlpack-1.zip: 49%
2/22/2025, 12:36:05 PM GMT+1 [Modules] Streaming discord_erlpack@1 to /home/tmcooper/.config/discord/0.0.86/modules/pending/discord_erlpack-1.zip: 50%
2/22/2025, 12:36:06 PM GMT+1 [Modules] Streaming discord_erlpack@1 to /home/tmcooper/.config/discord/0.0.86/modules/pending/discord_erlpack-1.zip: 51%
2/22/2025, 12:36:06 PM GMT+1 [Modules] Streaming discord_erlpack@1 to /home/tmcooper/.config/discord/0.0.86/modules/pending/discord_erlpack-1.zip: 52%
2/22/2025, 12:36:06 PM GMT+1 [Modules] Streaming discord_erlpack@1 to /home/tmcooper/.config/discord/0.0.86/modules/pending/discord_erlpack-1.zip: 53%
2/22/2025, 12:36:06 PM GMT+1 [Modules] Streaming discord_erlpack@1 to /home/tmcooper/.config/discord/0.0.86/modules/pending/discord_erlpack-1.zip: 54%
2/22/2025, 12:36:06 PM GMT+1 [Modules] Streaming discord_erlpack@1 to /home/tmcooper/.config/discord/0.0.86/modules/pending/discord_erlpack-1.zip: 55%
2/22/2025, 12:36:06 PM GMT+1 [Modules] Streaming discord_erlpack@1 to /home/tmcooper/.config/discord/0.0.86/modules/pending/discord_erlpack-1.zip: 56%
2/22/2025, 12:36:06 PM GMT+1 [Modules] Streaming discord_erlpack@1 to /home/tmcooper/.config/discord/0.0.86/modules/pending/discord_erlpack-1.zip: 57%
2/22/2025, 12:36:06 PM GMT+1 [Modules] Streaming discord_erlpack@1 to /home/tmcooper/.config/discord/0.0.86/modules/pending/discord_erlpack-1.zip: 58%
2/22/2025, 12:36:07 PM GMT+1 [Modules] Streaming discord_erlpack@1 to /home/tmcooper/.config/discord/0.0.86/modules/pending/discord_erlpack-1.zip: 59%
2/22/2025, 12:36:07 PM GMT+1 [Modules] Streaming discord_erlpack@1 to /home/tmcooper/.config/discord/0.0.86/modules/pending/discord_erlpack-1.zip: 60%
2/22/2025, 12:36:07 PM GMT+1 [Modules] Streaming discord_erlpack@1 to /home/tmcooper/.config/discord/0.0.86/modules/pending/discord_erlpack-1.zip: 61%
2/22/2025, 12:36:07 PM GMT+1 [Modules] Streaming discord_erlpack@1 to /home/tmcooper/.config/discord/0.0.86/modules/pending/discord_erlpack-1.zip: 62%
2/22/2025, 12:36:07 PM GMT+1 [Modules] Streaming discord_erlpack@1 to /home/tmcooper/.config/discord/0.0.86/modules/pending/discord_erlpack-1.zip: 63%
2/22/2025, 12:36:07 PM GMT+1 [Modules] Streaming discord_erlpack@1 to /home/tmcooper/.config/discord/0.0.86/modules/pending/discord_erlpack-1.zip: 64%
2/22/2025, 12:36:07 PM GMT+1 [Modules] Streaming discord_erlpack@1 to /home/tmcooper/.config/discord/0.0.86/modules/pending/discord_erlpack-1.zip: 65%
2/22/2025, 12:36:08 PM GMT+1 [Modules] Streaming discord_erlpack@1 to /home/tmcooper/.config/discord/0.0.86/modules/pending/discord_erlpack-1.zip: 66%
2/22/2025, 12:36:08 PM GMT+1 [Modules] Streaming discord_erlpack@1 to /home/tmcooper/.config/discord/0.0.86/modules/pending/discord_erlpack-1.zip: 67%
2/22/2025, 12:36:08 PM GMT+1 [Modules] Streaming discord_erlpack@1 to /home/tmcooper/.config/discord/0.0.86/modules/pending/discord_erlpack-1.zip: 68%
2/22/2025, 12:36:08 PM GMT+1 [Modules] Streaming discord_erlpack@1 to /home/tmcooper/.config/discord/0.0.86/modules/pending/discord_erlpack-1.zip: 69%
2/22/2025, 12:36:08 PM GMT+1 [Modules] Streaming discord_erlpack@1 to /home/tmcooper/.config/discord/0.0.86/modules/pending/discord_erlpack-1.zip: 70%
2/22/2025, 12:36:08 PM GMT+1 [Modules] Streaming discord_erlpack@1 to /home/tmcooper/.config/discord/0.0.86/modules/pending/discord_erlpack-1.zip: 71%
2/22/2025, 12:36:08 PM GMT+1 [Modules] Streaming discord_erlpack@1 to /home/tmcooper/.config/discord/0.0.86/modules/pending/discord_erlpack-1.zip: 72%
2/22/2025, 12:36:09 PM GMT+1 [Modules] Streaming discord_erlpack@1 to /home/tmcooper/.config/discord/0.0.86/modules/pending/discord_erlpack-1.zip: 73%
2/22/2025, 12:36:09 PM GMT+1 [Modules] Streaming discord_erlpack@1 to /home/tmcooper/.config/discord/0.0.86/modules/pending/discord_erlpack-1.zip: 74%
2/22/2025, 12:36:09 PM GMT+1 [Modules] Streaming discord_erlpack@1 to /home/tmcooper/.config/discord/0.0.86/modules/pending/discord_erlpack-1.zip: 75%
2/22/2025, 12:36:09 PM GMT+1 [Modules] Streaming discord_erlpack@1 to /home/tmcooper/.config/discord/0.0.86/modules/pending/discord_erlpack-1.zip: 76%
2/22/2025, 12:36:09 PM GMT+1 [Modules] Streaming discord_erlpack@1 to /home/tmcooper/.config/discord/0.0.86/modules/pending/discord_erlpack-1.zip: 77%
2/22/2025, 12:36:09 PM GMT+1 [Modules] Streaming discord_erlpack@1 to /home/tmcooper/.config/discord/0.0.86/modules/pending/discord_erlpack-1.zip: 78%
2/22/2025, 12:36:09 PM GMT+1 [Modules] Streaming discord_erlpack@1 to /home/tmcooper/.config/discord/0.0.86/modules/pending/discord_erlpack-1.zip: 79%
2/22/2025, 12:36:10 PM GMT+1 [Modules] Streaming discord_erlpack@1 to /home/tmcooper/.config/discord/0.0.86/modules/pending/discord_erlpack-1.zip: 80%
2/22/2025, 12:36:10 PM GMT+1 [Modules] Streaming discord_erlpack@1 to /home/tmcooper/.config/discord/0.0.86/modules/pending/discord_erlpack-1.zip: 81%
2/22/2025, 12:36:10 PM GMT+1 [Modules] Streaming discord_erlpack@1 to /home/tmcooper/.config/discord/0.0.86/modules/pending/discord_erlpack-1.zip: 82%
2/22/2025, 12:36:10 PM GMT+1 [Modules] Streaming discord_erlpack@1 to /home/tmcooper/.config/discord/0.0.86/modules/pending/discord_erlpack-1.zip: 83%
2/22/2025, 12:36:10 PM GMT+1 [Modules] Streaming discord_erlpack@1 to /home/tmcooper/.config/discord/0.0.86/modules/pending/discord_erlpack-1.zip: 84%
2/22/2025, 12:36:10 PM GMT+1 [Modules] Streaming discord_erlpack@1 to /home/tmcooper/.config/discord/0.0.86/modules/pending/discord_erlpack-1.zip: 85%
2/22/2025, 12:36:11 PM GMT+1 [Modules] Streaming discord_erlpack@1 to /home/tmcooper/.config/discord/0.0.86/modules/pending/discord_erlpack-1.zip: 86%
2/22/2025, 12:36:11 PM GMT+1 [Modules] Streaming discord_erlpack@1 to /home/tmcooper/.config/discord/0.0.86/modules/pending/discord_erlpack-1.zip: 87%
2/22/2025, 12:36:11 PM GMT+1 [Modules] Streaming discord_erlpack@1 to /home/tmcooper/.config/discord/0.0.86/modules/pending/discord_erlpack-1.zip: 88%
2/22/2025, 12:36:11 PM GMT+1 [Modules] Streaming discord_erlpack@1 to /home/tmcooper/.config/discord/0.0.86/modules/pending/discord_erlpack-1.zip: 89%
2/22/2025, 12:36:11 PM GMT+1 [Modules] Streaming discord_erlpack@1 to /home/tmcooper/.config/discord/0.0.86/modules/pending/discord_erlpack-1.zip: 90%
2/22/2025, 12:36:11 PM GMT+1 [Modules] Streaming discord_erlpack@1 to /home/tmcooper/.config/discord/0.0.86/modules/pending/discord_erlpack-1.zip: 91%
2/22/2025, 12:36:11 PM GMT+1 [Modules] Streaming discord_erlpack@1 to /home/tmcooper/.config/discord/0.0.86/modules/pending/discord_erlpack-1.zip: 92%
2/22/2025, 12:36:12 PM GMT+1 [Modules] Streaming discord_erlpack@1 to /home/tmcooper/.config/discord/0.0.86/modules/pending/discord_erlpack-1.zip: 93%
2/22/2025, 12:36:12 PM GMT+1 [Modules] Streaming discord_erlpack@1 to /home/tmcooper/.config/discord/0.0.86/modules/pending/discord_erlpack-1.zip: 94%
2/22/2025, 12:36:12 PM GMT+1 [Modules] Streaming discord_erlpack@1 to /home/tmcooper/.config/discord/0.0.86/modules/pending/discord_erlpack-1.zip: 95%
2/22/2025, 12:36:12 PM GMT+1 [Modules] Streaming discord_erlpack@1 to /home/tmcooper/.config/discord/0.0.86/modules/pending/discord_erlpack-1.zip: 96%
2/22/2025, 12:36:12 PM GMT+1 [Modules] Streaming discord_erlpack@1 to /home/tmcooper/.config/discord/0.0.86/modules/pending/discord_erlpack-1.zip: 97%
2/22/2025, 12:36:12 PM GMT+1 [Modules] Streaming discord_erlpack@1 to /home/tmcooper/.config/discord/0.0.86/modules/pending/discord_erlpack-1.zip: 98%
2/22/2025, 12:36:13 PM GMT+1 [Modules] Streaming discord_erlpack@1 to /home/tmcooper/.config/discord/0.0.86/modules/pending/discord_erlpack-1.zip: 99%
2/22/2025, 12:36:13 PM GMT+1 [Modules] Streaming discord_erlpack@1 to /home/tmcooper/.config/discord/0.0.86/modules/pending/discord_erlpack-1.zip: 100%
2/22/2025, 12:36:13 PM GMT+1 [Modules] Fetching discord_spellcheck@1 from https://discord.com/api/modules/stable/discord_spellcheck/1
2/22/2025, 12:36:13 PM GMT+1 [Modules] Streaming discord_spellcheck@1 to /home/tmcooper/.config/discord/0.0.86/modules/pending/discord_spellcheck-1.zip
2/22/2025, 12:36:14 PM GMT+1 [Modules] Streaming discord_spellcheck@1 to /home/tmcooper/.config/discord/0.0.86/modules/pending/discord_spellcheck-1.zip: 1%
2/22/2025, 12:36:15 PM GMT+1 [Modules] Streaming discord_spellcheck@1 to /home/tmcooper/.config/discord/0.0.86/modules/pending/discord_spellcheck-1.zip: 2%
2/22/2025, 12:36:15 PM GMT+1 [Modules] Streaming discord_spellcheck@1 to /home/tmcooper/.config/discord/0.0.86/modules/pending/discord_spellcheck-1.zip: 3%
2/22/2025, 12:36:15 PM GMT+1 [Modules] Streaming discord_spellcheck@1 to /home/tmcooper/.config/discord/0.0.86/modules/pending/discord_spellcheck-1.zip: 4%
2/22/2025, 12:36:16 PM GMT+1 [Modules] Streaming discord_spellcheck@1 to /home/tmcooper/.config/discord/0.0.86/modules/pending/discord_spellcheck-1.zip: 5%
2/22/2025, 12:36:17 PM GMT+1 [Modules] Streaming discord_spellcheck@1 to /home/tmcooper/.config/discord/0.0.86/modules/pending/discord_spellcheck-1.zip: 6%
2/22/2025, 12:36:18 PM GMT+1 [Modules] Streaming discord_spellcheck@1 to /home/tmcooper/.config/discord/0.0.86/modules/pending/discord_spellcheck-1.zip: 7%
2/22/2025, 12:36:19 PM GMT+1 [Modules] Streaming discord_spellcheck@1 to /home/tmcooper/.config/discord/0.0.86/modules/pending/discord_spellcheck-1.zip: 8%
2/22/2025, 12:36:20 PM GMT+1 [Modules] Streaming discord_spellcheck@1 to /home/tmcooper/.config/discord/0.0.86/modules/pending/discord_spellcheck-1.zip: 9%
2/22/2025, 12:36:21 PM GMT+1 [Modules] Streaming discord_spellcheck@1 to /home/tmcooper/.config/discord/0.0.86/modules/pending/discord_spellcheck-1.zip: 10%
2/22/2025, 12:36:22 PM GMT+1 [Modules] Streaming discord_spellcheck@1 to /home/tmcooper/.config/discord/0.0.86/modules/pending/discord_spellcheck-1.zip: 11%
2/22/2025, 12:36:23 PM GMT+1 [Modules] Streaming discord_spellcheck@1 to /home/tmcooper/.config/discord/0.0.86/modules/pending/discord_spellcheck-1.zip: 12%
2/22/2025, 12:36:24 PM GMT+1 [Modules] Streaming discord_spellcheck@1 to /home/tmcooper/.config/discord/0.0.86/modules/pending/discord_spellcheck-1.zip: 13%
2/22/2025, 12:36:25 PM GMT+1 [Modules] Streaming discord_spellcheck@1 to /home/tmcooper/.config/discord/0.0.86/modules/pending/discord_spellcheck-1.zip: 14%
2/22/2025, 12:36:26 PM GMT+1 [Modules] Streaming discord_spellcheck@1 to /home/tmcooper/.config/discord/0.0.86/modules/pending/discord_spellcheck-1.zip: 15%
2/22/2025, 12:36:27 PM GMT+1 [Modules] Streaming discord_spellcheck@1 to /home/tmcooper/.config/discord/0.0.86/modules/pending/discord_spellcheck-1.zip: 16%
2/22/2025, 12:36:29 PM GMT+1 [Modules] Streaming discord_spellcheck@1 to /home/tmcooper/.config/discord/0.0.86/modules/pending/discord_spellcheck-1.zip: 17%
2/22/2025, 12:36:30 PM GMT+1 [Modules] Streaming discord_spellcheck@1 to /home/tmcooper/.config/discord/0.0.86/modules/pending/discord_spellcheck-1.zip: 18%
2/22/2025, 12:36:31 PM GMT+1 [Modules] Streaming discord_spellcheck@1 to /home/tmcooper/.config/discord/0.0.86/modules/pending/discord_spellcheck-1.zip: 19%
2/22/2025, 12:36:32 PM GMT+1 [Modules] Streaming discord_spellcheck@1 to /home/tmcooper/.config/discord/0.0.86/modules/pending/discord_spellcheck-1.zip: 20%
2/22/2025, 12:36:33 PM GMT+1 [Modules] Streaming discord_spellcheck@1 to /home/tmcooper/.config/discord/0.0.86/modules/pending/discord_spellcheck-1.zip: 21%
2/22/2025, 12:36:35 PM GMT+1 [Modules] Streaming discord_spellcheck@1 to /home/tmcooper/.config/discord/0.0.86/modules/pending/discord_spellcheck-1.zip: 22%
2/22/2025, 12:36:37 PM GMT+1 [Modules] Streaming discord_spellcheck@1 to /home/tmcooper/.config/discord/0.0.86/modules/pending/discord_spellcheck-1.zip: 23%
2/22/2025, 12:36:38 PM GMT+1 [Modules] Streaming discord_spellcheck@1 to /home/tmcooper/.config/discord/0.0.86/modules/pending/discord_spellcheck-1.zip: 24%
2/22/2025, 12:36:39 PM GMT+1 [Modules] Streaming discord_spellcheck@1 to /home/tmcooper/.config/discord/0.0.86/modules/pending/discord_spellcheck-1.zip: 25%
2/22/2025, 12:36:40 PM GMT+1 [Modules] Streaming discord_spellcheck@1 to /home/tmcooper/.config/discord/0.0.86/modules/pending/discord_spellcheck-1.zip: 26%
2/22/2025, 12:36:41 PM GMT+1 [Modules] Streaming discord_spellcheck@1 to /home/tmcooper/.config/discord/0.0.86/modules/pending/discord_spellcheck-1.zip: 27%
2/22/2025, 12:36:42 PM GMT+1 [Modules] Streaming discord_spellcheck@1 to /home/tmcooper/.config/discord/0.0.86/modules/pending/discord_spellcheck-1.zip: 28%
2/22/2025, 12:36:42 PM GMT+1 [Modules] Streaming discord_spellcheck@1 to /home/tmcooper/.config/discord/0.0.86/modules/pending/discord_spellcheck-1.zip: 29%
2/22/2025, 12:36:43 PM GMT+1 [Modules] Streaming discord_spellcheck@1 to /home/tmcooper/.config/discord/0.0.86/modules/pending/discord_spellcheck-1.zip: 30%
2/22/2025, 12:36:44 PM GMT+1 [Modules] Streaming discord_spellcheck@1 to /home/tmcooper/.config/discord/0.0.86/modules/pending/discord_spellcheck-1.zip: 31%
2/22/2025, 12:36:45 PM GMT+1 [Modules] Streaming discord_spellcheck@1 to /home/tmcooper/.config/discord/0.0.86/modules/pending/discord_spellcheck-1.zip: 32%
2/22/2025, 12:36:46 PM GMT+1 [Modules] Streaming discord_spellcheck@1 to /home/tmcooper/.config/discord/0.0.86/modules/pending/discord_spellcheck-1.zip: 33%
2/22/2025, 12:36:47 PM GMT+1 [Modules] Streaming discord_spellcheck@1 to /home/tmcooper/.config/discord/0.0.86/modules/pending/discord_spellcheck-1.zip: 34%
2/22/2025, 12:36:48 PM GMT+1 [Modules] Streaming discord_spellcheck@1 to /home/tmcooper/.config/discord/0.0.86/modules/pending/discord_spellcheck-1.zip: 35%
2/22/2025, 12:36:49 PM GMT+1 [Modules] Streaming discord_spellcheck@1 to /home/tmcooper/.config/discord/0.0.86/modules/pending/discord_spellcheck-1.zip: 36%
2/22/2025, 12:36:50 PM GMT+1 [Modules] Streaming discord_spellcheck@1 to /home/tmcooper/.config/discord/0.0.86/modules/pending/discord_spellcheck-1.zip: 37%
2/22/2025, 12:36:51 PM GMT+1 [Modules] Streaming discord_spellcheck@1 to /home/tmcooper/.config/discord/0.0.86/modules/pending/discord_spellcheck-1.zip: 38%
2/22/2025, 12:36:52 PM GMT+1 [Modules] Streaming discord_spellcheck@1 to /home/tmcooper/.config/discord/0.0.86/modules/pending/discord_spellcheck-1.zip: 39%
2/22/2025, 12:36:53 PM GMT+1 [Modules] Streaming discord_spellcheck@1 to /home/tmcooper/.config/discord/0.0.86/modules/pending/discord_spellcheck-1.zip: 40%
2/22/2025, 12:36:54 PM GMT+1 [Modules] Streaming discord_spellcheck@1 to /home/tmcooper/.config/discord/0.0.86/modules/pending/discord_spellcheck-1.zip: 41%
2/22/2025, 12:36:54 PM GMT+1 [Modules] Streaming discord_spellcheck@1 to /home/tmcooper/.config/discord/0.0.86/modules/pending/discord_spellcheck-1.zip: 42%
2/22/2025, 12:36:55 PM GMT+1 [Modules] Streaming discord_spellcheck@1 to /home/tmcooper/.config/discord/0.0.86/modules/pending/discord_spellcheck-1.zip: 43%
2/22/2025, 12:36:56 PM GMT+1 [Modules] Streaming discord_spellcheck@1 to /home/tmcooper/.config/discord/0.0.86/modules/pending/discord_spellcheck-1.zip: 44%
2/22/2025, 12:36:57 PM GMT+1 [Modules] Streaming discord_spellcheck@1 to /home/tmcooper/.config/discord/0.0.86/modules/pending/discord_spellcheck-1.zip: 45%
2/22/2025, 12:36:58 PM GMT+1 [Modules] Streaming discord_spellcheck@1 to /home/tmcooper/.config/discord/0.0.86/modules/pending/discord_spellcheck-1.zip: 46%
2/22/2025, 12:36:59 PM GMT+1 [Modules] Streaming discord_spellcheck@1 to /home/tmcooper/.config/discord/0.0.86/modules/pending/discord_spellcheck-1.zip: 47%
2/22/2025, 12:37:00 PM GMT+1 [Modules] Streaming discord_spellcheck@1 to /home/tmcooper/.config/discord/0.0.86/modules/pending/discord_spellcheck-1.zip: 48%
2/22/2025, 12:37:01 PM GMT+1 [Modules] Streaming discord_spellcheck@1 to /home/tmcooper/.config/discord/0.0.86/modules/pending/discord_spellcheck-1.zip: 49%
2/22/2025, 12:37:01 PM GMT+1 [Modules] Streaming discord_spellcheck@1 to /home/tmcooper/.config/discord/0.0.86/modules/pending/discord_spellcheck-1.zip: 50%
2/22/2025, 12:37:02 PM GMT+1 [Modules] Streaming discord_spellcheck@1 to /home/tmcooper/.config/discord/0.0.86/modules/pending/discord_spellcheck-1.zip: 51%
2/22/2025, 12:37:03 PM GMT+1 [Modules] Streaming discord_spellcheck@1 to /home/tmcooper/.config/discord/0.0.86/modules/pending/discord_spellcheck-1.zip: 52%
2/22/2025, 12:37:04 PM GMT+1 [Modules] Streaming discord_spellcheck@1 to /home/tmcooper/.config/discord/0.0.86/modules/pending/discord_spellcheck-1.zip: 53%
2/22/2025, 12:37:05 PM GMT+1 [Modules] Streaming discord_spellcheck@1 to /home/tmcooper/.config/discord/0.0.86/modules/pending/discord_spellcheck-1.zip: 54%
2/22/2025, 12:37:06 PM GMT+1 [Modules] Streaming discord_spellcheck@1 to /home/tmcooper/.config/discord/0.0.86/modules/pending/discord_spellcheck-1.zip: 55%
2/22/2025, 12:37:07 PM GMT+1 [Modules] Streaming discord_spellcheck@1 to /home/tmcooper/.config/discord/0.0.86/modules/pending/discord_spellcheck-1.zip: 56%
2/22/2025, 12:37:07 PM GMT+1 [Modules] Streaming discord_spellcheck@1 to /home/tmcooper/.config/discord/0.0.86/modules/pending/discord_spellcheck-1.zip: 57%
2/22/2025, 12:37:08 PM GMT+1 [Modules] Streaming discord_spellcheck@1 to /home/tmcooper/.config/discord/0.0.86/modules/pending/discord_spellcheck-1.zip: 58%
2/22/2025, 12:37:09 PM GMT+1 [Modules] Streaming discord_spellcheck@1 to /home/tmcooper/.config/discord/0.0.86/modules/pending/discord_spellcheck-1.zip: 59%
2/22/2025, 12:37:10 PM GMT+1 [Modules] Streaming discord_spellcheck@1 to /home/tmcooper/.config/discord/0.0.86/modules/pending/discord_spellcheck-1.zip: 60%
2/22/2025, 12:37:11 PM GMT+1 [Modules] Streaming discord_spellcheck@1 to /home/tmcooper/.config/discord/0.0.86/modules/pending/discord_spellcheck-1.zip: 61%
2/22/2025, 12:37:12 PM GMT+1 [Modules] Streaming discord_spellcheck@1 to /home/tmcooper/.config/discord/0.0.86/modules/pending/discord_spellcheck-1.zip: 62%
2/22/2025, 12:37:13 PM GMT+1 [Modules] Streaming discord_spellcheck@1 to /home/tmcooper/.config/discord/0.0.86/modules/pending/discord_spellcheck-1.zip: 63%
2/22/2025, 12:37:13 PM GMT+1 [Modules] Streaming discord_spellcheck@1 to /home/tmcooper/.config/discord/0.0.86/modules/pending/discord_spellcheck-1.zip: 64%
2/22/2025, 12:37:14 PM GMT+1 [Modules] Streaming discord_spellcheck@1 to /home/tmcooper/.config/discord/0.0.86/modules/pending/discord_spellcheck-1.zip: 65%
2/22/2025, 12:37:15 PM GMT+1 [Modules] Streaming discord_spellcheck@1 to /home/tmcooper/.config/discord/0.0.86/modules/pending/discord_spellcheck-1.zip: 66%
2/22/2025, 12:37:16 PM GMT+1 [Modules] Streaming discord_spellcheck@1 to /home/tmcooper/.config/discord/0.0.86/modules/pending/discord_spellcheck-1.zip: 67%
2/22/2025, 12:37:17 PM GMT+1 [Modules] Streaming discord_spellcheck@1 to /home/tmcooper/.config/discord/0.0.86/modules/pending/discord_spellcheck-1.zip: 68%
2/22/2025, 12:37:17 PM GMT+1 [Modules] Streaming discord_spellcheck@1 to /home/tmcooper/.config/discord/0.0.86/modules/pending/discord_spellcheck-1.zip: 69%
2/22/2025, 12:37:18 PM GMT+1 [Modules] Streaming discord_spellcheck@1 to /home/tmcooper/.config/discord/0.0.86/modules/pending/discord_spellcheck-1.zip: 70%
2/22/2025, 12:37:19 PM GMT+1 [Modules] Streaming discord_spellcheck@1 to /home/tmcooper/.config/discord/0.0.86/modules/pending/discord_spellcheck-1.zip: 71%
2/22/2025, 12:37:20 PM GMT+1 [Modules] Streaming discord_spellcheck@1 to /home/tmcooper/.config/discord/0.0.86/modules/pending/discord_spellcheck-1.zip: 72%
2/22/2025, 12:37:21 PM GMT+1 [Modules] Streaming discord_spellcheck@1 to /home/tmcooper/.config/discord/0.0.86/modules/pending/discord_spellcheck-1.zip: 73%
2/22/2025, 12:37:21 PM GMT+1 [Modules] Streaming discord_spellcheck@1 to /home/tmcooper/.config/discord/0.0.86/modules/pending/discord_spellcheck-1.zip: 74%
2/22/2025, 12:37:22 PM GMT+1 [Modules] Streaming discord_spellcheck@1 to /home/tmcooper/.config/discord/0.0.86/modules/pending/discord_spellcheck-1.zip: 75%
2/22/2025, 12:37:23 PM GMT+1 [Modules] Streaming discord_spellcheck@1 to /home/tmcooper/.config/discord/0.0.86/modules/pending/discord_spellcheck-1.zip: 76%
2/22/2025, 12:37:24 PM GMT+1 [Modules] Streaming discord_spellcheck@1 to /home/tmcooper/.config/discord/0.0.86/modules/pending/discord_spellcheck-1.zip: 77%
2/22/2025, 12:37:25 PM GMT+1 [Modules] Streaming discord_spellcheck@1 to /home/tmcooper/.config/discord/0.0.86/modules/pending/discord_spellcheck-1.zip: 78%
2/22/2025, 12:37:26 PM GMT+1 [Modules] Streaming discord_spellcheck@1 to /home/tmcooper/.config/discord/0.0.86/modules/pending/discord_spellcheck-1.zip: 79%
2/22/2025, 12:37:27 PM GMT+1 [Modules] Streaming discord_spellcheck@1 to /home/tmcooper/.config/discord/0.0.86/modules/pending/discord_spellcheck-1.zip: 80%
2/22/2025, 12:37:27 PM GMT+1 [Modules] Streaming discord_spellcheck@1 to /home/tmcooper/.config/discord/0.0.86/modules/pending/discord_spellcheck-1.zip: 81%
2/22/2025, 12:37:28 PM GMT+1 [Modules] Streaming discord_spellcheck@1 to /home/tmcooper/.config/discord/0.0.86/modules/pending/discord_spellcheck-1.zip: 82%
2/22/2025, 12:37:29 PM GMT+1 [Modules] Streaming discord_spellcheck@1 to /home/tmcooper/.config/discord/0.0.86/modules/pending/discord_spellcheck-1.zip: 83%
2/22/2025, 12:37:29 PM GMT+1 [Modules] Streaming discord_spellcheck@1 to /home/tmcooper/.config/discord/0.0.86/modules/pending/discord_spellcheck-1.zip: 84%
2/22/2025, 12:37:29 PM GMT+1 [Modules] Streaming discord_spellcheck@1 to /home/tmcooper/.config/discord/0.0.86/modules/pending/discord_spellcheck-1.zip: 85%
2/22/2025, 12:37:30 PM GMT+1 [Modules] Streaming discord_spellcheck@1 to /home/tmcooper/.config/discord/0.0.86/modules/pending/discord_spellcheck-1.zip: 86%
2/22/2025, 12:37:30 PM GMT+1 [Modules] Streaming discord_spellcheck@1 to /home/tmcooper/.config/discord/0.0.86/modules/pending/discord_spellcheck-1.zip: 87%
2/22/2025, 12:37:31 PM GMT+1 [Modules] Streaming discord_spellcheck@1 to /home/tmcooper/.config/discord/0.0.86/modules/pending/discord_spellcheck-1.zip: 88%
2/22/2025, 12:37:31 PM GMT+1 [Modules] Streaming discord_spellcheck@1 to /home/tmcooper/.config/discord/0.0.86/modules/pending/discord_spellcheck-1.zip: 89%
2/22/2025, 12:37:31 PM GMT+1 [Modules] Streaming discord_spellcheck@1 to /home/tmcooper/.config/discord/0.0.86/modules/pending/discord_spellcheck-1.zip: 90%
2/22/2025, 12:37:32 PM GMT+1 [Modules] Streaming discord_spellcheck@1 to /home/tmcooper/.config/discord/0.0.86/modules/pending/discord_spellcheck-1.zip: 91%
2/22/2025, 12:37:32 PM GMT+1 [Modules] Streaming discord_spellcheck@1 to /home/tmcooper/.config/discord/0.0.86/modules/pending/discord_spellcheck-1.zip: 92%
2/22/2025, 12:37:32 PM GMT+1 [Modules] Streaming discord_spellcheck@1 to /home/tmcooper/.config/discord/0.0.86/modules/pending/discord_spellcheck-1.zip: 93%
2/22/2025, 12:37:33 PM GMT+1 [Modules] Streaming discord_spellcheck@1 to /home/tmcooper/.config/discord/0.0.86/modules/pending/discord_spellcheck-1.zip: 94%
2/22/2025, 12:37:33 PM GMT+1 [Modules] Streaming discord_spellcheck@1 to /home/tmcooper/.config/discord/0.0.86/modules/pending/discord_spellcheck-1.zip: 95%
2/22/2025, 12:37:34 PM GMT+1 [Modules] Streaming discord_spellcheck@1 to /home/tmcooper/.config/discord/0.0.86/modules/pending/discord_spellcheck-1.zip: 96%
2/22/2025, 12:37:34 PM GMT+1 [Modules] Streaming discord_spellcheck@1 to /home/tmcooper/.config/discord/0.0.86/modules/pending/discord_spellcheck-1.zip: 97%
2/22/2025, 12:37:34 PM GMT+1 [Modules] Streaming discord_spellcheck@1 to /home/tmcooper/.config/discord/0.0.86/modules/pending/discord_spellcheck-1.zip: 98%
2/22/2025, 12:37:35 PM GMT+1 [Modules] Streaming discord_spellcheck@1 to /home/tmcooper/.config/discord/0.0.86/modules/pending/discord_spellcheck-1.zip: 99%
2/22/2025, 12:37:36 PM GMT+1 [Modules] Streaming discord_spellcheck@1 to /home/tmcooper/.config/discord/0.0.86/modules/pending/discord_spellcheck-1.zip: 100%
2/22/2025, 12:37:36 PM GMT+1 [Modules] Fetching discord_utils@1 from https://discord.com/api/modules/stable/discord_utils/1
2/22/2025, 12:37:36 PM GMT+1 [Modules] Streaming discord_utils@1 to /home/tmcooper/.config/discord/0.0.86/modules/pending/discord_utils-1.zip
2/22/2025, 12:37:36 PM GMT+1 [Modules] Streaming discord_utils@1 to /home/tmcooper/.config/discord/0.0.86/modules/pending/discord_utils-1.zip: 1%
2/22/2025, 12:37:36 PM GMT+1 [Modules] Streaming discord_utils@1 to /home/tmcooper/.config/discord/0.0.86/modules/pending/discord_utils-1.zip: 2%
2/22/2025, 12:37:36 PM GMT+1 [Modules] Streaming discord_utils@1 to /home/tmcooper/.config/discord/0.0.86/modules/pending/discord_utils-1.zip: 3%
2/22/2025, 12:37:36 PM GMT+1 [Modules] Streaming discord_utils@1 to /home/tmcooper/.config/discord/0.0.86/modules/pending/discord_utils-1.zip: 4%
2/22/2025, 12:37:37 PM GMT+1 [Modules] Streaming discord_utils@1 to /home/tmcooper/.config/discord/0.0.86/modules/pending/discord_utils-1.zip: 5%
2/22/2025, 12:37:37 PM GMT+1 [Modules] Streaming discord_utils@1 to /home/tmcooper/.config/discord/0.0.86/modules/pending/discord_utils-1.zip: 6%
2/22/2025, 12:37:37 PM GMT+1 [Modules] Streaming discord_utils@1 to /home/tmcooper/.config/discord/0.0.86/modules/pending/discord_utils-1.zip: 7%
2/22/2025, 12:37:37 PM GMT+1 [Modules] Streaming discord_utils@1 to /home/tmcooper/.config/discord/0.0.86/modules/pending/discord_utils-1.zip: 8%
2/22/2025, 12:37:37 PM GMT+1 [Modules] Streaming discord_utils@1 to /home/tmcooper/.config/discord/0.0.86/modules/pending/discord_utils-1.zip: 9%
2/22/2025, 12:37:37 PM GMT+1 [Modules] Streaming discord_utils@1 to /home/tmcooper/.config/discord/0.0.86/modules/pending/discord_utils-1.zip: 10%
2/22/2025, 12:37:38 PM GMT+1 [Modules] Streaming discord_utils@1 to /home/tmcooper/.config/discord/0.0.86/modules/pending/discord_utils-1.zip: 11%
2/22/2025, 12:37:38 PM GMT+1 [Modules] Streaming discord_utils@1 to /home/tmcooper/.config/discord/0.0.86/modules/pending/discord_utils-1.zip: 12%
2/22/2025, 12:37:38 PM GMT+1 [Modules] Streaming discord_utils@1 to /home/tmcooper/.config/discord/0.0.86/modules/pending/discord_utils-1.zip: 13%
2/22/2025, 12:37:38 PM GMT+1 [Modules] Streaming discord_utils@1 to /home/tmcooper/.config/discord/0.0.86/modules/pending/discord_utils-1.zip: 14%
2/22/2025, 12:37:38 PM GMT+1 [Modules] Streaming discord_utils@1 to /home/tmcooper/.config/discord/0.0.86/modules/pending/discord_utils-1.zip: 15%
2/22/2025, 12:37:38 PM GMT+1 [Modules] Streaming discord_utils@1 to /home/tmcooper/.config/discord/0.0.86/modules/pending/discord_utils-1.zip: 16%
2/22/2025, 12:37:38 PM GMT+1 [Modules] Streaming discord_utils@1 to /home/tmcooper/.config/discord/0.0.86/modules/pending/discord_utils-1.zip: 17%
2/22/2025, 12:37:39 PM GMT+1 [Modules] Streaming discord_utils@1 to /home/tmcooper/.config/discord/0.0.86/modules/pending/discord_utils-1.zip: 18%
2/22/2025, 12:37:39 PM GMT+1 [Modules] Streaming discord_utils@1 to /home/tmcooper/.config/discord/0.0.86/modules/pending/discord_utils-1.zip: 19%
2/22/2025, 12:37:39 PM GMT+1 [Modules] Streaming discord_utils@1 to /home/tmcooper/.config/discord/0.0.86/modules/pending/discord_utils-1.zip: 20%
2/22/2025, 12:37:39 PM GMT+1 [Modules] Streaming discord_utils@1 to /home/tmcooper/.config/discord/0.0.86/modules/pending/discord_utils-1.zip: 21%
2/22/2025, 12:37:39 PM GMT+1 [Modules] Streaming discord_utils@1 to /home/tmcooper/.config/discord/0.0.86/modules/pending/discord_utils-1.zip: 22%
2/22/2025, 12:37:39 PM GMT+1 [Modules] Streaming discord_utils@1 to /home/tmcooper/.config/discord/0.0.86/modules/pending/discord_utils-1.zip: 23%
2/22/2025, 12:37:40 PM GMT+1 [Modules] Streaming discord_utils@1 to /home/tmcooper/.config/discord/0.0.86/modules/pending/discord_utils-1.zip: 24%
2/22/2025, 12:37:40 PM GMT+1 [Modules] Streaming discord_utils@1 to /home/tmcooper/.config/discord/0.0.86/modules/pending/discord_utils-1.zip: 25%
2/22/2025, 12:37:40 PM GMT+1 [Modules] Streaming discord_utils@1 to /home/tmcooper/.config/discord/0.0.86/modules/pending/discord_utils-1.zip: 26%
2/22/2025, 12:37:40 PM GMT+1 [Modules] Streaming discord_utils@1 to /home/tmcooper/.config/discord/0.0.86/modules/pending/discord_utils-1.zip: 27%
2/22/2025, 12:37:40 PM GMT+1 [Modules] Streaming discord_utils@1 to /home/tmcooper/.config/discord/0.0.86/modules/pending/discord_utils-1.zip: 28%
2/22/2025, 12:37:40 PM GMT+1 [Modules] Streaming discord_utils@1 to /home/tmcooper/.config/discord/0.0.86/modules/pending/discord_utils-1.zip: 29%
2/22/2025, 12:37:40 PM GMT+1 [Modules] Streaming discord_utils@1 to /home/tmcooper/.config/discord/0.0.86/modules/pending/discord_utils-1.zip: 30%
2/22/2025, 12:37:41 PM GMT+1 [Modules] Streaming discord_utils@1 to /home/tmcooper/.config/discord/0.0.86/modules/pending/discord_utils-1.zip: 31%
2/22/2025, 12:37:41 PM GMT+1 [Modules] Streaming discord_utils@1 to /home/tmcooper/.config/discord/0.0.86/modules/pending/discord_utils-1.zip: 32%
2/22/2025, 12:37:41 PM GMT+1 [Modules] Streaming discord_utils@1 to /home/tmcooper/.config/discord/0.0.86/modules/pending/discord_utils-1.zip: 33%
2/22/2025, 12:37:41 PM GMT+1 [Modules] Streaming discord_utils@1 to /home/tmcooper/.config/discord/0.0.86/modules/pending/discord_utils-1.zip: 34%
2/22/2025, 12:37:41 PM GMT+1 [Modules] Streaming discord_utils@1 to /home/tmcooper/.config/discord/0.0.86/modules/pending/discord_utils-1.zip: 35%
2/22/2025, 12:37:41 PM GMT+1 [Modules] Streaming discord_utils@1 to /home/tmcooper/.config/discord/0.0.86/modules/pending/discord_utils-1.zip: 36%
2/22/2025, 12:37:42 PM GMT+1 [Modules] Streaming discord_utils@1 to /home/tmcooper/.config/discord/0.0.86/modules/pending/discord_utils-1.zip: 37%
2/22/2025, 12:37:42 PM GMT+1 [Modules] Streaming discord_utils@1 to /home/tmcooper/.config/discord/0.0.86/modules/pending/discord_utils-1.zip: 38%
2/22/2025, 12:37:42 PM GMT+1 [Modules] Streaming discord_utils@1 to /home/tmcooper/.config/discord/0.0.86/modules/pending/discord_utils-1.zip: 39%
2/22/2025, 12:37:42 PM GMT+1 [Modules] Streaming discord_utils@1 to /home/tmcooper/.config/discord/0.0.86/modules/pending/discord_utils-1.zip: 40%
2/22/2025, 12:37:42 PM GMT+1 [Modules] Streaming discord_utils@1 to /home/tmcooper/.config/discord/0.0.86/modules/pending/discord_utils-1.zip: 41%
2/22/2025, 12:37:42 PM GMT+1 [Modules] Streaming discord_utils@1 to /home/tmcooper/.config/discord/0.0.86/modules/pending/discord_utils-1.zip: 42%
2/22/2025, 12:37:42 PM GMT+1 [Modules] Streaming discord_utils@1 to /home/tmcooper/.config/discord/0.0.86/modules/pending/discord_utils-1.zip: 43%
2/22/2025, 12:37:43 PM GMT+1 [Modules] Streaming discord_utils@1 to /home/tmcooper/.config/discord/0.0.86/modules/pending/discord_utils-1.zip: 44%
2/22/2025, 12:37:43 PM GMT+1 [Modules] Streaming discord_utils@1 to /home/tmcooper/.config/discord/0.0.86/modules/pending/discord_utils-1.zip: 45%
2/22/2025, 12:37:43 PM GMT+1 [Modules] Streaming discord_utils@1 to /home/tmcooper/.config/discord/0.0.86/modules/pending/discord_utils-1.zip: 46%
2/22/2025, 12:37:43 PM GMT+1 [Modules] Streaming discord_utils@1 to /home/tmcooper/.config/discord/0.0.86/modules/pending/discord_utils-1.zip: 47%
2/22/2025, 12:37:43 PM GMT+1 [Modules] Streaming discord_utils@1 to /home/tmcooper/.config/discord/0.0.86/modules/pending/discord_utils-1.zip: 48%
2/22/2025, 12:37:43 PM GMT+1 [Modules] Streaming discord_utils@1 to /home/tmcooper/.config/discord/0.0.86/modules/pending/discord_utils-1.zip: 49%
2/22/2025, 12:37:44 PM GMT+1 [Modules] Streaming discord_utils@1 to /home/tmcooper/.config/discord/0.0.86/modules/pending/discord_utils-1.zip: 50%
2/22/2025, 12:37:44 PM GMT+1 [Modules] Streaming discord_utils@1 to /home/tmcooper/.config/discord/0.0.86/modules/pending/discord_utils-1.zip: 51%
2/22/2025, 12:37:44 PM GMT+1 [Modules] Streaming discord_utils@1 to /home/tmcooper/.config/discord/0.0.86/modules/pending/discord_utils-1.zip: 52%
2/22/2025, 12:37:44 PM GMT+1 [Modules] Streaming discord_utils@1 to /home/tmcooper/.config/discord/0.0.86/modules/pending/discord_utils-1.zip: 53%
2/22/2025, 12:37:44 PM GMT+1 [Modules] Streaming discord_utils@1 to /home/tmcooper/.config/discord/0.0.86/modules/pending/discord_utils-1.zip: 54%
2/22/2025, 12:37:44 PM GMT+1 [Modules] Streaming discord_utils@1 to /home/tmcooper/.config/discord/0.0.86/modules/pending/discord_utils-1.zip: 55%
2/22/2025, 12:37:44 PM GMT+1 [Modules] Streaming discord_utils@1 to /home/tmcooper/.config/discord/0.0.86/modules/pending/discord_utils-1.zip: 56%
2/22/2025, 12:37:45 PM GMT+1 [Modules] Streaming discord_utils@1 to /home/tmcooper/.config/discord/0.0.86/modules/pending/discord_utils-1.zip: 57%
2/22/2025, 12:37:45 PM GMT+1 [Modules] Streaming discord_utils@1 to /home/tmcooper/.config/discord/0.0.86/modules/pending/discord_utils-1.zip: 58%
2/22/2025, 12:37:45 PM GMT+1 [Modules] Streaming discord_utils@1 to /home/tmcooper/.config/discord/0.0.86/modules/pending/discord_utils-1.zip: 59%
2/22/2025, 12:37:45 PM GMT+1 [Modules] Streaming discord_utils@1 to /home/tmcooper/.config/discord/0.0.86/modules/pending/discord_utils-1.zip: 60%
2/22/2025, 12:37:45 PM GMT+1 [Modules] Streaming discord_utils@1 to /home/tmcooper/.config/discord/0.0.86/modules/pending/discord_utils-1.zip: 61%
2/22/2025, 12:37:45 PM GMT+1 [Modules] Streaming discord_utils@1 to /home/tmcooper/.config/discord/0.0.86/modules/pending/discord_utils-1.zip: 62%
2/22/2025, 12:37:46 PM GMT+1 [Modules] Streaming discord_utils@1 to /home/tmcooper/.config/discord/0.0.86/modules/pending/discord_utils-1.zip: 63%
2/22/2025, 12:37:46 PM GMT+1 [Modules] Streaming discord_utils@1 to /home/tmcooper/.config/discord/0.0.86/modules/pending/discord_utils-1.zip: 64%
2/22/2025, 12:37:46 PM GMT+1 [Modules] Streaming discord_utils@1 to /home/tmcooper/.config/discord/0.0.86/modules/pending/discord_utils-1.zip: 65%
2/22/2025, 12:37:46 PM GMT+1 [Modules] Streaming discord_utils@1 to /home/tmcooper/.config/discord/0.0.86/modules/pending/discord_utils-1.zip: 66%
2/22/2025, 12:37:46 PM GMT+1 [Modules] Streaming discord_utils@1 to /home/tmcooper/.config/discord/0.0.86/modules/pending/discord_utils-1.zip: 67%
2/22/2025, 12:37:46 PM GMT+1 [Modules] Streaming discord_utils@1 to /home/tmcooper/.config/discord/0.0.86/modules/pending/discord_utils-1.zip: 68%
2/22/2025, 12:37:46 PM GMT+1 [Modules] Streaming discord_utils@1 to /home/tmcooper/.config/discord/0.0.86/modules/pending/discord_utils-1.zip: 69%
2/22/2025, 12:37:47 PM GMT+1 [Modules] Streaming discord_utils@1 to /home/tmcooper/.config/discord/0.0.86/modules/pending/discord_utils-1.zip: 70%
2/22/2025, 12:37:47 PM GMT+1 [Modules] Streaming discord_utils@1 to /home/tmcooper/.config/discord/0.0.86/modules/pending/discord_utils-1.zip: 71%
2/22/2025, 12:37:47 PM GMT+1 [Modules] Streaming discord_utils@1 to /home/tmcooper/.config/discord/0.0.86/modules/pending/discord_utils-1.zip: 72%
2/22/2025, 12:37:47 PM GMT+1 [Modules] Streaming discord_utils@1 to /home/tmcooper/.config/discord/0.0.86/modules/pending/discord_utils-1.zip: 73%
2/22/2025, 12:37:47 PM GMT+1 [Modules] Streaming discord_utils@1 to /home/tmcooper/.config/discord/0.0.86/modules/pending/discord_utils-1.zip: 74%
2/22/2025, 12:37:47 PM GMT+1 [Modules] Streaming discord_utils@1 to /home/tmcooper/.config/discord/0.0.86/modules/pending/discord_utils-1.zip: 75%
2/22/2025, 12:37:48 PM GMT+1 [Modules] Streaming discord_utils@1 to /home/tmcooper/.config/discord/0.0.86/modules/pending/discord_utils-1.zip: 76%
2/22/2025, 12:37:48 PM GMT+1 [Modules] Streaming discord_utils@1 to /home/tmcooper/.config/discord/0.0.86/modules/pending/discord_utils-1.zip: 77%
2/22/2025, 12:37:48 PM GMT+1 [Modules] Streaming discord_utils@1 to /home/tmcooper/.config/discord/0.0.86/modules/pending/discord_utils-1.zip: 78%
2/22/2025, 12:37:48 PM GMT+1 [Modules] Streaming discord_utils@1 to /home/tmcooper/.config/discord/0.0.86/modules/pending/discord_utils-1.zip: 79%
2/22/2025, 12:37:48 PM GMT+1 [Modules] Streaming discord_utils@1 to /home/tmcooper/.config/discord/0.0.86/modules/pending/discord_utils-1.zip: 80%
2/22/2025, 12:37:48 PM GMT+1 [Modules] Streaming discord_utils@1 to /home/tmcooper/.config/discord/0.0.86/modules/pending/discord_utils-1.zip: 81%
2/22/2025, 12:37:48 PM GMT+1 [Modules] Streaming discord_utils@1 to /home/tmcooper/.config/discord/0.0.86/modules/pending/discord_utils-1.zip: 82%
2/22/2025, 12:37:49 PM GMT+1 [Modules] Streaming discord_utils@1 to /home/tmcooper/.config/discord/0.0.86/modules/pending/discord_utils-1.zip: 83%
2/22/2025, 12:37:49 PM GMT+1 [Modules] Streaming discord_utils@1 to /home/tmcooper/.config/discord/0.0.86/modules/pending/discord_utils-1.zip: 84%
2/22/2025, 12:37:49 PM GMT+1 [Modules] Streaming discord_utils@1 to /home/tmcooper/.config/discord/0.0.86/modules/pending/discord_utils-1.zip: 85%
2/22/2025, 12:37:49 PM GMT+1 [Modules] Streaming discord_utils@1 to /home/tmcooper/.config/discord/0.0.86/modules/pending/discord_utils-1.zip: 86%
2/22/2025, 12:37:49 PM GMT+1 [Modules] Streaming discord_utils@1 to /home/tmcooper/.config/discord/0.0.86/modules/pending/discord_utils-1.zip: 87%
2/22/2025, 12:37:49 PM GMT+1 [Modules] Streaming discord_utils@1 to /home/tmcooper/.config/discord/0.0.86/modules/pending/discord_utils-1.zip: 88%
2/22/2025, 12:37:50 PM GMT+1 [Modules] Streaming discord_utils@1 to /home/tmcooper/.config/discord/0.0.86/modules/pending/discord_utils-1.zip: 89%
2/22/2025, 12:37:50 PM GMT+1 [Modules] Streaming discord_utils@1 to /home/tmcooper/.config/discord/0.0.86/modules/pending/discord_utils-1.zip: 90%
2/22/2025, 12:37:50 PM GMT+1 [Modules] Streaming discord_utils@1 to /home/tmcooper/.config/discord/0.0.86/modules/pending/discord_utils-1.zip: 91%
2/22/2025, 12:37:50 PM GMT+1 [Modules] Streaming discord_utils@1 to /home/tmcooper/.config/discord/0.0.86/modules/pending/discord_utils-1.zip: 92%
2/22/2025, 12:37:50 PM GMT+1 [Modules] Streaming discord_utils@1 to /home/tmcooper/.config/discord/0.0.86/modules/pending/discord_utils-1.zip: 93%
2/22/2025, 12:37:50 PM GMT+1 [Modules] Streaming discord_utils@1 to /home/tmcooper/.config/discord/0.0.86/modules/pending/discord_utils-1.zip: 94%
2/22/2025, 12:37:50 PM GMT+1 [Modules] Streaming discord_utils@1 to /home/tmcooper/.config/discord/0.0.86/modules/pending/discord_utils-1.zip: 95%
2/22/2025, 12:37:51 PM GMT+1 [Modules] Streaming discord_utils@1 to /home/tmcooper/.config/discord/0.0.86/modules/pending/discord_utils-1.zip: 96%
2/22/2025, 12:37:51 PM GMT+1 [Modules] Streaming discord_utils@1 to /home/tmcooper/.config/discord/0.0.86/modules/pending/discord_utils-1.zip: 97%
2/22/2025, 12:37:51 PM GMT+1 [Modules] Streaming discord_utils@1 to /home/tmcooper/.config/discord/0.0.86/modules/pending/discord_utils-1.zip: 98%
2/22/2025, 12:37:51 PM GMT+1 [Modules] Streaming discord_utils@1 to /home/tmcooper/.config/discord/0.0.86/modules/pending/discord_utils-1.zip: 99%
2/22/2025, 12:37:51 PM GMT+1 [Modules] Streaming discord_utils@1 to /home/tmcooper/.config/discord/0.0.86/modules/pending/discord_utils-1.zip: 100%
2/22/2025, 12:37:51 PM GMT+1 [Modules] Fetching discord_voice@1 from https://discord.com/api/modules/stable/discord_voice/1
2/22/2025, 12:37:51 PM GMT+1 [Modules] Streaming discord_voice@1 to /home/tmcooper/.config/discord/0.0.86/modules/pending/discord_voice-1.zip
2/22/2025, 12:37:52 PM GMT+1 [Modules] Streaming discord_voice@1 to /home/tmcooper/.config/discord/0.0.86/modules/pending/discord_voice-1.zip: 1%
2/22/2025, 12:37:53 PM GMT+1 [Modules] Streaming discord_voice@1 to /home/tmcooper/.config/discord/0.0.86/modules/pending/discord_voice-1.zip: 2%
2/22/2025, 12:37:54 PM GMT+1 [Modules] Streaming discord_voice@1 to /home/tmcooper/.config/discord/0.0.86/modules/pending/discord_voice-1.zip: 3%
2/22/2025, 12:37:55 PM GMT+1 [Modules] Streaming discord_voice@1 to /home/tmcooper/.config/discord/0.0.86/modules/pending/discord_voice-1.zip: 4%
2/22/2025, 12:37:56 PM GMT+1 [Modules] Streaming discord_voice@1 to /home/tmcooper/.config/discord/0.0.86/modules/pending/discord_voice-1.zip: 5%
2/22/2025, 12:37:57 PM GMT+1 [Modules] Streaming discord_voice@1 to /home/tmcooper/.config/discord/0.0.86/modules/pending/discord_voice-1.zip: 6%
2/22/2025, 12:37:58 PM GMT+1 [Modules] Streaming discord_voice@1 to /home/tmcooper/.config/discord/0.0.86/modules/pending/discord_voice-1.zip: 7%
2/22/2025, 12:37:59 PM GMT+1 [Modules] Streaming discord_voice@1 to /home/tmcooper/.config/discord/0.0.86/modules/pending/discord_voice-1.zip: 8%
2/22/2025, 12:38:00 PM GMT+1 [Modules] Streaming discord_voice@1 to /home/tmcooper/.config/discord/0.0.86/modules/pending/discord_voice-1.zip: 9%
2/22/2025, 12:38:01 PM GMT+1 [Modules] Streaming discord_voice@1 to /home/tmcooper/.config/discord/0.0.86/modules/pending/discord_voice-1.zip: 10%
2/22/2025, 12:38:02 PM GMT+1 [Modules] Streaming discord_voice@1 to /home/tmcooper/.config/discord/0.0.86/modules/pending/discord_voice-1.zip: 11%
2/22/2025, 12:38:03 PM GMT+1 [Modules] Streaming discord_voice@1 to /home/tmcooper/.config/discord/0.0.86/modules/pending/discord_voice-1.zip: 12%
2/22/2025, 12:38:04 PM GMT+1 [Modules] Streaming discord_voice@1 to /home/tmcooper/.config/discord/0.0.86/modules/pending/discord_voice-1.zip: 13%
2/22/2025, 12:38:04 PM GMT+1 [Modules] Streaming discord_voice@1 to /home/tmcooper/.config/discord/0.0.86/modules/pending/discord_voice-1.zip: 14%
2/22/2025, 12:38:05 PM GMT+1 [Modules] Streaming discord_voice@1 to /home/tmcooper/.config/discord/0.0.86/modules/pending/discord_voice-1.zip: 15%
2/22/2025, 12:38:06 PM GMT+1 [Modules] Streaming discord_voice@1 to /home/tmcooper/.config/discord/0.0.86/modules/pending/discord_voice-1.zip: 16%
2/22/2025, 12:38:07 PM GMT+1 [Modules] Streaming discord_voice@1 to /home/tmcooper/.config/discord/0.0.86/modules/pending/discord_voice-1.zip: 17%
2/22/2025, 12:38:08 PM GMT+1 [Modules] Streaming discord_voice@1 to /home/tmcooper/.config/discord/0.0.86/modules/pending/discord_voice-1.zip: 18%
2/22/2025, 12:38:09 PM GMT+1 [Modules] Streaming discord_voice@1 to /home/tmcooper/.config/discord/0.0.86/modules/pending/discord_voice-1.zip: 19%
2/22/2025, 12:38:10 PM GMT+1 [Modules] Streaming discord_voice@1 to /home/tmcooper/.config/discord/0.0.86/modules/pending/discord_voice-1.zip: 20%
2/22/2025, 12:38:11 PM GMT+1 [Modules] Streaming discord_voice@1 to /home/tmcooper/.config/discord/0.0.86/modules/pending/discord_voice-1.zip: 21%
2/22/2025, 12:38:12 PM GMT+1 [Modules] Streaming discord_voice@1 to /home/tmcooper/.config/discord/0.0.86/modules/pending/discord_voice-1.zip: 22%
2/22/2025, 12:38:13 PM GMT+1 [Modules] Streaming discord_voice@1 to /home/tmcooper/.config/discord/0.0.86/modules/pending/discord_voice-1.zip: 23%
2/22/2025, 12:38:14 PM GMT+1 [Modules] Streaming discord_voice@1 to /home/tmcooper/.config/discord/0.0.86/modules/pending/discord_voice-1.zip: 24%
2/22/2025, 12:38:15 PM GMT+1 [Modules] Streaming discord_voice@1 to /home/tmcooper/.config/discord/0.0.86/modules/pending/discord_voice-1.zip: 25%
2/22/2025, 12:38:16 PM GMT+1 [Modules] Streaming discord_voice@1 to /home/tmcooper/.config/discord/0.0.86/modules/pending/discord_voice-1.zip: 26%
2/22/2025, 12:38:17 PM GMT+1 [Modules] Streaming discord_voice@1 to /home/tmcooper/.config/discord/0.0.86/modules/pending/discord_voice-1.zip: 27%
2/22/2025, 12:38:18 PM GMT+1 [Modules] Streaming discord_voice@1 to /home/tmcooper/.config/discord/0.0.86/modules/pending/discord_voice-1.zip: 28%
2/22/2025, 12:38:19 PM GMT+1 [Modules] Streaming discord_voice@1 to /home/tmcooper/.config/discord/0.0.86/modules/pending/discord_voice-1.zip: 29%
2/22/2025, 12:38:21 PM GMT+1 [Modules] Streaming discord_voice@1 to /home/tmcooper/.config/discord/0.0.86/modules/pending/discord_voice-1.zip: 30%
2/22/2025, 12:38:22 PM GMT+1 [Modules] Streaming discord_voice@1 to /home/tmcooper/.config/discord/0.0.86/modules/pending/discord_voice-1.zip: 31%
2/22/2025, 12:38:23 PM GMT+1 [Modules] Streaming discord_voice@1 to /home/tmcooper/.config/discord/0.0.86/modules/pending/discord_voice-1.zip: 32%
2/22/2025, 12:38:24 PM GMT+1 [Modules] Streaming discord_voice@1 to /home/tmcooper/.config/discord/0.0.86/modules/pending/discord_voice-1.zip: 33%
2/22/2025, 12:38:25 PM GMT+1 [Modules] Streaming discord_voice@1 to /home/tmcooper/.config/discord/0.0.86/modules/pending/discord_voice-1.zip: 34%
2/22/2025, 12:38:26 PM GMT+1 [Modules] Streaming discord_voice@1 to /home/tmcooper/.config/discord/0.0.86/modules/pending/discord_voice-1.zip: 35%
2/22/2025, 12:38:27 PM GMT+1 [Modules] Streaming discord_voice@1 to /home/tmcooper/.config/discord/0.0.86/modules/pending/discord_voice-1.zip: 36%
2/22/2025, 12:38:28 PM GMT+1 [Modules] Streaming discord_voice@1 to /home/tmcooper/.config/discord/0.0.86/modules/pending/discord_voice-1.zip: 37%
2/22/2025, 12:38:29 PM GMT+1 [Modules] Streaming discord_voice@1 to /home/tmcooper/.config/discord/0.0.86/modules/pending/discord_voice-1.zip: 38%
2/22/2025, 12:38:30 PM GMT+1 [Modules] Streaming discord_voice@1 to /home/tmcooper/.config/discord/0.0.86/modules/pending/discord_voice-1.zip: 39%
2/22/2025, 12:38:31 PM GMT+1 [Modules] Streaming discord_voice@1 to /home/tmcooper/.config/discord/0.0.86/modules/pending/discord_voice-1.zip: 40%
2/22/2025, 12:38:32 PM GMT+1 [Modules] Streaming discord_voice@1 to /home/tmcooper/.config/discord/0.0.86/modules/pending/discord_voice-1.zip: 41%
2/22/2025, 12:38:33 PM GMT+1 [Modules] Streaming discord_voice@1 to /home/tmcooper/.config/discord/0.0.86/modules/pending/discord_voice-1.zip: 42%
2/22/2025, 12:38:34 PM GMT+1 [Modules] Streaming discord_voice@1 to /home/tmcooper/.config/discord/0.0.86/modules/pending/discord_voice-1.zip: 43%
2/22/2025, 12:38:34 PM GMT+1 [Modules] Streaming discord_voice@1 to /home/tmcooper/.config/discord/0.0.86/modules/pending/discord_voice-1.zip: 44%
2/22/2025, 12:38:35 PM GMT+1 [Modules] Streaming discord_voice@1 to /home/tmcooper/.config/discord/0.0.86/modules/pending/discord_voice-1.zip: 45%
2/22/2025, 12:38:36 PM GMT+1 [Modules] Streaming discord_voice@1 to /home/tmcooper/.config/discord/0.0.86/modules/pending/discord_voice-1.zip: 46%
2/22/2025, 12:38:37 PM GMT+1 [Modules] Streaming discord_voice@1 to /home/tmcooper/.config/discord/0.0.86/modules/pending/discord_voice-1.zip: 47%
2/22/2025, 12:38:38 PM GMT+1 [Modules] Streaming discord_voice@1 to /home/tmcooper/.config/discord/0.0.86/modules/pending/discord_voice-1.zip: 48%
2/22/2025, 12:38:39 PM GMT+1 [Modules] Streaming discord_voice@1 to /home/tmcooper/.config/discord/0.0.86/modules/pending/discord_voice-1.zip: 49%
2/22/2025, 12:38:40 PM GMT+1 [Modules] Streaming discord_voice@1 to /home/tmcooper/.config/discord/0.0.86/modules/pending/discord_voice-1.zip: 50%
2/22/2025, 12:38:41 PM GMT+1 [Modules] Streaming discord_voice@1 to /home/tmcooper/.config/discord/0.0.86/modules/pending/discord_voice-1.zip: 51%
2/22/2025, 12:38:42 PM GMT+1 [Modules] Streaming discord_voice@1 to /home/tmcooper/.config/discord/0.0.86/modules/pending/discord_voice-1.zip: 52%
2/22/2025, 12:38:43 PM GMT+1 [Modules] Streaming discord_voice@1 to /home/tmcooper/.config/discord/0.0.86/modules/pending/discord_voice-1.zip: 53%
2/22/2025, 12:38:44 PM GMT+1 [Modules] Streaming discord_voice@1 to /home/tmcooper/.config/discord/0.0.86/modules/pending/discord_voice-1.zip: 54%
2/22/2025, 12:38:45 PM GMT+1 [Modules] Streaming discord_voice@1 to /home/tmcooper/.config/discord/0.0.86/modules/pending/discord_voice-1.zip: 55%
2/22/2025, 12:38:46 PM GMT+1 [Modules] Streaming discord_voice@1 to /home/tmcooper/.config/discord/0.0.86/modules/pending/discord_voice-1.zip: 56%
2/22/2025, 12:38:47 PM GMT+1 [Modules] Streaming discord_voice@1 to /home/tmcooper/.config/discord/0.0.86/modules/pending/discord_voice-1.zip: 57%
2/22/2025, 12:38:48 PM GMT+1 [Modules] Streaming discord_voice@1 to /home/tmcooper/.config/discord/0.0.86/modules/pending/discord_voice-1.zip: 58%
2/22/2025, 12:38:49 PM GMT+1 [Modules] Streaming discord_voice@1 to /home/tmcooper/.config/discord/0.0.86/modules/pending/discord_voice-1.zip: 59%
2/22/2025, 12:38:50 PM GMT+1 [Modules] Streaming discord_voice@1 to /home/tmcooper/.config/discord/0.0.86/modules/pending/discord_voice-1.zip: 60%
2/22/2025, 12:38:51 PM GMT+1 [Modules] Streaming discord_voice@1 to /home/tmcooper/.config/discord/0.0.86/modules/pending/discord_voice-1.zip: 61%
2/22/2025, 12:38:51 PM GMT+1 [Modules] Streaming discord_voice@1 to /home/tmcooper/.config/discord/0.0.86/modules/pending/discord_voice-1.zip: 62%
2/22/2025, 12:38:52 PM GMT+1 [Modules] Streaming discord_voice@1 to /home/tmcooper/.config/discord/0.0.86/modules/pending/discord_voice-1.zip: 63%
2/22/2025, 12:38:53 PM GMT+1 [Modules] Streaming discord_voice@1 to /home/tmcooper/.config/discord/0.0.86/modules/pending/discord_voice-1.zip: 64%
2/22/2025, 12:38:54 PM GMT+1 [Modules] Streaming discord_voice@1 to /home/tmcooper/.config/discord/0.0.86/modules/pending/discord_voice-1.zip: 65%
2/22/2025, 12:38:55 PM GMT+1 [Modules] Streaming discord_voice@1 to /home/tmcooper/.config/discord/0.0.86/modules/pending/discord_voice-1.zip: 66%
2/22/2025, 12:38:56 PM GMT+1 [Modules] Streaming discord_voice@1 to /home/tmcooper/.config/discord/0.0.86/modules/pending/discord_voice-1.zip: 67%
2/22/2025, 12:38:57 PM GMT+1 [Modules] Streaming discord_voice@1 to /home/tmcooper/.config/discord/0.0.86/modules/pending/discord_voice-1.zip: 68%
2/22/2025, 12:38:58 PM GMT+1 [Modules] Streaming discord_voice@1 to /home/tmcooper/.config/discord/0.0.86/modules/pending/discord_voice-1.zip: 69%
2/22/2025, 12:38:59 PM GMT+1 [Modules] Streaming discord_voice@1 to /home/tmcooper/.config/discord/0.0.86/modules/pending/discord_voice-1.zip: 70%
2/22/2025, 12:39:00 PM GMT+1 [Modules] Streaming discord_voice@1 to /home/tmcooper/.config/discord/0.0.86/modules/pending/discord_voice-1.zip: 71%
2/22/2025, 12:39:01 PM GMT+1 [Modules] Streaming discord_voice@1 to /home/tmcooper/.config/discord/0.0.86/modules/pending/discord_voice-1.zip: 72%
2/22/2025, 12:39:02 PM GMT+1 [Modules] Streaming discord_voice@1 to /home/tmcooper/.config/discord/0.0.86/modules/pending/discord_voice-1.zip: 73%
2/22/2025, 12:39:03 PM GMT+1 [Modules] Streaming discord_voice@1 to /home/tmcooper/.config/discord/0.0.86/modules/pending/discord_voice-1.zip: 74%
2/22/2025, 12:39:04 PM GMT+1 [Modules] Streaming discord_voice@1 to /home/tmcooper/.config/discord/0.0.86/modules/pending/discord_voice-1.zip: 75%
2/22/2025, 12:39:05 PM GMT+1 [Modules] Streaming discord_voice@1 to /home/tmcooper/.config/discord/0.0.86/modules/pending/discord_voice-1.zip: 76%
2/22/2025, 12:39:06 PM GMT+1 [Modules] Streaming discord_voice@1 to /home/tmcooper/.config/discord/0.0.86/modules/pending/discord_voice-1.zip: 77%
2/22/2025, 12:39:07 PM GMT+1 [Modules] Streaming discord_voice@1 to /home/tmcooper/.config/discord/0.0.86/modules/pending/discord_voice-1.zip: 78%
2/22/2025, 12:39:08 PM GMT+1 [Modules] Streaming discord_voice@1 to /home/tmcooper/.config/discord/0.0.86/modules/pending/discord_voice-1.zip: 79%
2/22/2025, 12:39:08 PM GMT+1 [Modules] Streaming discord_voice@1 to /home/tmcooper/.config/discord/0.0.86/modules/pending/discord_voice-1.zip: 80%
2/22/2025, 12:39:09 PM GMT+1 [Modules] Streaming discord_voice@1 to /home/tmcooper/.config/discord/0.0.86/modules/pending/discord_voice-1.zip: 81%
2/22/2025, 12:39:10 PM GMT+1 [Modules] Streaming discord_voice@1 to /home/tmcooper/.config/discord/0.0.86/modules/pending/discord_voice-1.zip: 82%
2/22/2025, 12:39:11 PM GMT+1 [Modules] Streaming discord_voice@1 to /home/tmcooper/.config/discord/0.0.86/modules/pending/discord_voice-1.zip: 83%
2/22/2025, 12:39:12 PM GMT+1 [Modules] Streaming discord_voice@1 to /home/tmcooper/.config/discord/0.0.86/modules/pending/discord_voice-1.zip: 84%
2/22/2025, 12:39:13 PM GMT+1 [Modules] Streaming discord_voice@1 to /home/tmcooper/.config/discord/0.0.86/modules/pending/discord_voice-1.zip: 85%
2/22/2025, 12:39:14 PM GMT+1 [Modules] Streaming discord_voice@1 to /home/tmcooper/.config/discord/0.0.86/modules/pending/discord_voice-1.zip: 86%
2/22/2025, 12:39:15 PM GMT+1 [Modules] Streaming discord_voice@1 to /home/tmcooper/.config/discord/0.0.86/modules/pending/discord_voice-1.zip: 87%
2/22/2025, 12:39:16 PM GMT+1 [Modules] Streaming discord_voice@1 to /home/tmcooper/.config/discord/0.0.86/modules/pending/discord_voice-1.zip: 88%
2/22/2025, 12:39:17 PM GMT+1 [Modules] Streaming discord_voice@1 to /home/tmcooper/.config/discord/0.0.86/modules/pending/discord_voice-1.zip: 89%
2/22/2025, 12:39:19 PM GMT+1 [Modules] Streaming discord_voice@1 to /home/tmcooper/.config/discord/0.0.86/modules/pending/discord_voice-1.zip: 90%
2/22/2025, 12:39:21 PM GMT+1 [Modules] Streaming discord_voice@1 to /home/tmcooper/.config/discord/0.0.86/modules/pending/discord_voice-1.zip: 91%
2/22/2025, 12:39:22 PM GMT+1 [Modules] Streaming discord_voice@1 to /home/tmcooper/.config/discord/0.0.86/modules/pending/discord_voice-1.zip: 92%
2/22/2025, 12:39:23 PM GMT+1 [Modules] Streaming discord_voice@1 to /home/tmcooper/.config/discord/0.0.86/modules/pending/discord_voice-1.zip: 93%
2/22/2025, 12:39:24 PM GMT+1 [Modules] Streaming discord_voice@1 to /home/tmcooper/.config/discord/0.0.86/modules/pending/discord_voice-1.zip: 94%
2/22/2025, 12:39:24 PM GMT+1 [Modules] Streaming discord_voice@1 to /home/tmcooper/.config/discord/0.0.86/modules/pending/discord_voice-1.zip: 95%
2/22/2025, 12:39:26 PM GMT+1 [Modules] Streaming discord_voice@1 to /home/tmcooper/.config/discord/0.0.86/modules/pending/discord_voice-1.zip: 96%
2/22/2025, 12:39:26 PM GMT+1 [Modules] Streaming discord_voice@1 to /home/tmcooper/.config/discord/0.0.86/modules/pending/discord_voice-1.zip: 97%
2/22/2025, 12:39:27 PM GMT+1 [Modules] Streaming discord_voice@1 to /home/tmcooper/.config/discord/0.0.86/modules/pending/discord_voice-1.zip: 98%
2/22/2025, 12:39:29 PM GMT+1 [Modules] Streaming discord_voice@1 to /home/tmcooper/.config/discord/0.0.86/modules/pending/discord_voice-1.zip: 99%
2/22/2025, 12:39:30 PM GMT+1 [Modules] Streaming discord_voice@1 to /home/tmcooper/.config/discord/0.0.86/modules/pending/discord_voice-1.zip: 100%
2/22/2025, 12:39:30 PM GMT+1 [Modules] Fetching discord_zstd@1 from https://discord.com/api/modules/stable/discord_zstd/1
2/22/2025, 12:39:30 PM GMT+1 [Modules] Streaming discord_zstd@1 to /home/tmcooper/.config/discord/0.0.86/modules/pending/discord_zstd-1.zip
2/22/2025, 12:39:30 PM GMT+1 [Modules] Streaming discord_zstd@1 to /home/tmcooper/.config/discord/0.0.86/modules/pending/discord_zstd-1.zip: 1%
2/22/2025, 12:39:30 PM GMT+1 [Modules] Streaming discord_zstd@1 to /home/tmcooper/.config/discord/0.0.86/modules/pending/discord_zstd-1.zip: 2%
2/22/2025, 12:39:30 PM GMT+1 [Modules] Streaming discord_zstd@1 to /home/tmcooper/.config/discord/0.0.86/modules/pending/discord_zstd-1.zip: 3%
2/22/2025, 12:39:30 PM GMT+1 [Modules] Streaming discord_zstd@1 to /home/tmcooper/.config/discord/0.0.86/modules/pending/discord_zstd-1.zip: 4%
2/22/2025, 12:39:30 PM GMT+1 [Modules] Streaming discord_zstd@1 to /home/tmcooper/.config/discord/0.0.86/modules/pending/discord_zstd-1.zip: 5%
2/22/2025, 12:39:30 PM GMT+1 [Modules] Streaming discord_zstd@1 to /home/tmcooper/.config/discord/0.0.86/modules/pending/discord_zstd-1.zip: 6%
2/22/2025, 12:39:30 PM GMT+1 [Modules] Streaming discord_zstd@1 to /home/tmcooper/.config/discord/0.0.86/modules/pending/discord_zstd-1.zip: 7%
2/22/2025, 12:39:30 PM GMT+1 [Modules] Streaming discord_zstd@1 to /home/tmcooper/.config/discord/0.0.86/modules/pending/discord_zstd-1.zip: 8%
2/22/2025, 12:39:30 PM GMT+1 [Modules] Streaming discord_zstd@1 to /home/tmcooper/.config/discord/0.0.86/modules/pending/discord_zstd-1.zip: 9%
2/22/2025, 12:39:30 PM GMT+1 [Modules] Streaming discord_zstd@1 to /home/tmcooper/.config/discord/0.0.86/modules/pending/discord_zstd-1.zip: 10%
2/22/2025, 12:39:30 PM GMT+1 [Modules] Streaming discord_zstd@1 to /home/tmcooper/.config/discord/0.0.86/modules/pending/discord_zstd-1.zip: 11%
2/22/2025, 12:39:30 PM GMT+1 [Modules] Streaming discord_zstd@1 to /home/tmcooper/.config/discord/0.0.86/modules/pending/discord_zstd-1.zip: 12%
2/22/2025, 12:39:30 PM GMT+1 [Modules] Streaming discord_zstd@1 to /home/tmcooper/.config/discord/0.0.86/modules/pending/discord_zstd-1.zip: 13%
2/22/2025, 12:39:30 PM GMT+1 [Modules] Streaming discord_zstd@1 to /home/tmcooper/.config/discord/0.0.86/modules/pending/discord_zstd-1.zip: 14%
2/22/2025, 12:39:30 PM GMT+1 [Modules] Streaming discord_zstd@1 to /home/tmcooper/.config/discord/0.0.86/modules/pending/discord_zstd-1.zip: 15%
2/22/2025, 12:39:30 PM GMT+1 [Modules] Streaming discord_zstd@1 to /home/tmcooper/.config/discord/0.0.86/modules/pending/discord_zstd-1.zip: 16%
2/22/2025, 12:39:30 PM GMT+1 [Modules] Streaming discord_zstd@1 to /home/tmcooper/.config/discord/0.0.86/modules/pending/discord_zstd-1.zip: 17%
2/22/2025, 12:39:30 PM GMT+1 [Modules] Streaming discord_zstd@1 to /home/tmcooper/.config/discord/0.0.86/modules/pending/discord_zstd-1.zip: 18%
2/22/2025, 12:39:30 PM GMT+1 [Modules] Streaming discord_zstd@1 to /home/tmcooper/.config/discord/0.0.86/modules/pending/discord_zstd-1.zip: 19%
2/22/2025, 12:39:30 PM GMT+1 [Modules] Streaming discord_zstd@1 to /home/tmcooper/.config/discord/0.0.86/modules/pending/discord_zstd-1.zip: 20%
2/22/2025, 12:39:30 PM GMT+1 [Modules] Streaming discord_zstd@1 to /home/tmcooper/.config/discord/0.0.86/modules/pending/discord_zstd-1.zip: 21%
2/22/2025, 12:39:30 PM GMT+1 [Modules] Streaming discord_zstd@1 to /home/tmcooper/.config/discord/0.0.86/modules/pending/discord_zstd-1.zip: 22%
2/22/2025, 12:39:30 PM GMT+1 [Modules] Streaming discord_zstd@1 to /home/tmcooper/.config/discord/0.0.86/modules/pending/discord_zstd-1.zip: 23%
2/22/2025, 12:39:30 PM GMT+1 [Modules] Streaming discord_zstd@1 to /home/tmcooper/.config/discord/0.0.86/modules/pending/discord_zstd-1.zip: 24%
2/22/2025, 12:39:30 PM GMT+1 [Modules] Streaming discord_zstd@1 to /home/tmcooper/.config/discord/0.0.86/modules/pending/discord_zstd-1.zip: 25%
2/22/2025, 12:39:30 PM GMT+1 [Modules] Streaming discord_zstd@1 to /home/tmcooper/.config/discord/0.0.86/modules/pending/discord_zstd-1.zip: 26%
2/22/2025, 12:39:30 PM GMT+1 [Modules] Streaming discord_zstd@1 to /home/tmcooper/.config/discord/0.0.86/modules/pending/discord_zstd-1.zip: 27%
2/22/2025, 12:39:30 PM GMT+1 [Modules] Streaming discord_zstd@1 to /home/tmcooper/.config/discord/0.0.86/modules/pending/discord_zstd-1.zip: 28%
2/22/2025, 12:39:30 PM GMT+1 [Modules] Streaming discord_zstd@1 to /home/tmcooper/.config/discord/0.0.86/modules/pending/discord_zstd-1.zip: 29%
2/22/2025, 12:39:30 PM GMT+1 [Modules] Streaming discord_zstd@1 to /home/tmcooper/.config/discord/0.0.86/modules/pending/discord_zstd-1.zip: 30%
2/22/2025, 12:39:30 PM GMT+1 [Modules] Streaming discord_zstd@1 to /home/tmcooper/.config/discord/0.0.86/modules/pending/discord_zstd-1.zip: 31%
2/22/2025, 12:39:30 PM GMT+1 [Modules] Streaming discord_zstd@1 to /home/tmcooper/.config/discord/0.0.86/modules/pending/discord_zstd-1.zip: 32%
2/22/2025, 12:39:30 PM GMT+1 [Modules] Streaming discord_zstd@1 to /home/tmcooper/.config/discord/0.0.86/modules/pending/discord_zstd-1.zip: 33%
2/22/2025, 12:39:30 PM GMT+1 [Modules] Streaming discord_zstd@1 to /home/tmcooper/.config/discord/0.0.86/modules/pending/discord_zstd-1.zip: 34%
2/22/2025, 12:39:30 PM GMT+1 [Modules] Streaming discord_zstd@1 to /home/tmcooper/.config/discord/0.0.86/modules/pending/discord_zstd-1.zip: 35%
2/22/2025, 12:39:30 PM GMT+1 [Modules] Streaming discord_zstd@1 to /home/tmcooper/.config/discord/0.0.86/modules/pending/discord_zstd-1.zip: 36%
2/22/2025, 12:39:30 PM GMT+1 [Modules] Streaming discord_zstd@1 to /home/tmcooper/.config/discord/0.0.86/modules/pending/discord_zstd-1.zip: 37%
2/22/2025, 12:39:30 PM GMT+1 [Modules] Streaming discord_zstd@1 to /home/tmcooper/.config/discord/0.0.86/modules/pending/discord_zstd-1.zip: 38%
2/22/2025, 12:39:30 PM GMT+1 [Modules] Streaming discord_zstd@1 to /home/tmcooper/.config/discord/0.0.86/modules/pending/discord_zstd-1.zip: 39%
2/22/2025, 12:39:30 PM GMT+1 [Modules] Streaming discord_zstd@1 to /home/tmcooper/.config/discord/0.0.86/modules/pending/discord_zstd-1.zip: 40%
2/22/2025, 12:39:30 PM GMT+1 [Modules] Streaming discord_zstd@1 to /home/tmcooper/.config/discord/0.0.86/modules/pending/discord_zstd-1.zip: 41%
2/22/2025, 12:39:30 PM GMT+1 [Modules] Streaming discord_zstd@1 to /home/tmcooper/.config/discord/0.0.86/modules/pending/discord_zstd-1.zip: 42%
2/22/2025, 12:39:30 PM GMT+1 [Modules] Streaming discord_zstd@1 to /home/tmcooper/.config/discord/0.0.86/modules/pending/discord_zstd-1.zip: 43%
2/22/2025, 12:39:30 PM GMT+1 [Modules] Streaming discord_zstd@1 to /home/tmcooper/.config/discord/0.0.86/modules/pending/discord_zstd-1.zip: 44%
2/22/2025, 12:39:31 PM GMT+1 [Modules] Streaming discord_zstd@1 to /home/tmcooper/.config/discord/0.0.86/modules/pending/discord_zstd-1.zip: 45%
2/22/2025, 12:39:31 PM GMT+1 [Modules] Streaming discord_zstd@1 to /home/tmcooper/.config/discord/0.0.86/modules/pending/discord_zstd-1.zip: 46%
2/22/2025, 12:39:31 PM GMT+1 [Modules] Streaming discord_zstd@1 to /home/tmcooper/.config/discord/0.0.86/modules/pending/discord_zstd-1.zip: 47%
2/22/2025, 12:39:31 PM GMT+1 [Modules] Streaming discord_zstd@1 to /home/tmcooper/.config/discord/0.0.86/modules/pending/discord_zstd-1.zip: 48%
2/22/2025, 12:39:31 PM GMT+1 [Modules] Streaming discord_zstd@1 to /home/tmcooper/.config/discord/0.0.86/modules/pending/discord_zstd-1.zip: 49%
2/22/2025, 12:39:31 PM GMT+1 [Modules] Streaming discord_zstd@1 to /home/tmcooper/.config/discord/0.0.86/modules/pending/discord_zstd-1.zip: 50%
2/22/2025, 12:39:31 PM GMT+1 [Modules] Streaming discord_zstd@1 to /home/tmcooper/.config/discord/0.0.86/modules/pending/discord_zstd-1.zip: 51%
2/22/2025, 12:39:31 PM GMT+1 [Modules] Streaming discord_zstd@1 to /home/tmcooper/.config/discord/0.0.86/modules/pending/discord_zstd-1.zip: 52%
2/22/2025, 12:39:31 PM GMT+1 [Modules] Streaming discord_zstd@1 to /home/tmcooper/.config/discord/0.0.86/modules/pending/discord_zstd-1.zip: 53%
2/22/2025, 12:39:31 PM GMT+1 [Modules] Streaming discord_zstd@1 to /home/tmcooper/.config/discord/0.0.86/modules/pending/discord_zstd-1.zip: 54%
2/22/2025, 12:39:31 PM GMT+1 [Modules] Streaming discord_zstd@1 to /home/tmcooper/.config/discord/0.0.86/modules/pending/discord_zstd-1.zip: 55%
2/22/2025, 12:39:31 PM GMT+1 [Modules] Streaming discord_zstd@1 to /home/tmcooper/.config/discord/0.0.86/modules/pending/discord_zstd-1.zip: 56%
2/22/2025, 12:39:31 PM GMT+1 [Modules] Streaming discord_zstd@1 to /home/tmcooper/.config/discord/0.0.86/modules/pending/discord_zstd-1.zip: 57%
2/22/2025, 12:39:31 PM GMT+1 [Modules] Streaming discord_zstd@1 to /home/tmcooper/.config/discord/0.0.86/modules/pending/discord_zstd-1.zip: 58%
2/22/2025, 12:39:31 PM GMT+1 [Modules] Streaming discord_zstd@1 to /home/tmcooper/.config/discord/0.0.86/modules/pending/discord_zstd-1.zip: 59%
2/22/2025, 12:39:31 PM GMT+1 [Modules] Streaming discord_zstd@1 to /home/tmcooper/.config/discord/0.0.86/modules/pending/discord_zstd-1.zip: 60%
2/22/2025, 12:39:31 PM GMT+1 [Modules] Streaming discord_zstd@1 to /home/tmcooper/.config/discord/0.0.86/modules/pending/discord_zstd-1.zip: 61%
2/22/2025, 12:39:31 PM GMT+1 [Modules] Streaming discord_zstd@1 to /home/tmcooper/.config/discord/0.0.86/modules/pending/discord_zstd-1.zip: 62%
2/22/2025, 12:39:31 PM GMT+1 [Modules] Streaming discord_zstd@1 to /home/tmcooper/.config/discord/0.0.86/modules/pending/discord_zstd-1.zip: 63%
2/22/2025, 12:39:31 PM GMT+1 [Modules] Streaming discord_zstd@1 to /home/tmcooper/.config/discord/0.0.86/modules/pending/discord_zstd-1.zip: 64%
2/22/2025, 12:39:31 PM GMT+1 [Modules] Streaming discord_zstd@1 to /home/tmcooper/.config/discord/0.0.86/modules/pending/discord_zstd-1.zip: 65%
2/22/2025, 12:39:31 PM GMT+1 [Modules] Streaming discord_zstd@1 to /home/tmcooper/.config/discord/0.0.86/modules/pending/discord_zstd-1.zip: 66%
2/22/2025, 12:39:31 PM GMT+1 [Modules] Streaming discord_zstd@1 to /home/tmcooper/.config/discord/0.0.86/modules/pending/discord_zstd-1.zip: 67%
2/22/2025, 12:39:31 PM GMT+1 [Modules] Streaming discord_zstd@1 to /home/tmcooper/.config/discord/0.0.86/modules/pending/discord_zstd-1.zip: 68%
2/22/2025, 12:39:31 PM GMT+1 [Modules] Streaming discord_zstd@1 to /home/tmcooper/.config/discord/0.0.86/modules/pending/discord_zstd-1.zip: 69%
2/22/2025, 12:39:31 PM GMT+1 [Modules] Streaming discord_zstd@1 to /home/tmcooper/.config/discord/0.0.86/modules/pending/discord_zstd-1.zip: 70%
2/22/2025, 12:39:31 PM GMT+1 [Modules] Streaming discord_zstd@1 to /home/tmcooper/.config/discord/0.0.86/modules/pending/discord_zstd-1.zip: 71%
2/22/2025, 12:39:31 PM GMT+1 [Modules] Streaming discord_zstd@1 to /home/tmcooper/.config/discord/0.0.86/modules/pending/discord_zstd-1.zip: 72%
2/22/2025, 12:39:31 PM GMT+1 [Modules] Streaming discord_zstd@1 to /home/tmcooper/.config/discord/0.0.86/modules/pending/discord_zstd-1.zip: 73%
2/22/2025, 12:39:31 PM GMT+1 [Modules] Streaming discord_zstd@1 to /home/tmcooper/.config/discord/0.0.86/modules/pending/discord_zstd-1.zip: 74%
2/22/2025, 12:39:31 PM GMT+1 [Modules] Streaming discord_zstd@1 to /home/tmcooper/.config/discord/0.0.86/modules/pending/discord_zstd-1.zip: 75%
2/22/2025, 12:39:31 PM GMT+1 [Modules] Streaming discord_zstd@1 to /home/tmcooper/.config/discord/0.0.86/modules/pending/discord_zstd-1.zip: 76%
2/22/2025, 12:39:31 PM GMT+1 [Modules] Streaming discord_zstd@1 to /home/tmcooper/.config/discord/0.0.86/modules/pending/discord_zstd-1.zip: 77%
2/22/2025, 12:39:32 PM GMT+1 [Modules] Streaming discord_zstd@1 to /home/tmcooper/.config/discord/0.0.86/modules/pending/discord_zstd-1.zip: 78%
2/22/2025, 12:39:32 PM GMT+1 [Modules] Streaming discord_zstd@1 to /home/tmcooper/.config/discord/0.0.86/modules/pending/discord_zstd-1.zip: 83%
2/22/2025, 12:39:32 PM GMT+1 [Modules] Streaming discord_zstd@1 to /home/tmcooper/.config/discord/0.0.86/modules/pending/discord_zstd-1.zip: 84%
2/22/2025, 12:39:32 PM GMT+1 [Modules] Streaming discord_zstd@1 to /home/tmcooper/.config/discord/0.0.86/modules/pending/discord_zstd-1.zip: 85%
2/22/2025, 12:39:32 PM GMT+1 [Modules] Streaming discord_zstd@1 to /home/tmcooper/.config/discord/0.0.86/modules/pending/discord_zstd-1.zip: 86%
2/22/2025, 12:39:32 PM GMT+1 [Modules] Streaming discord_zstd@1 to /home/tmcooper/.config/discord/0.0.86/modules/pending/discord_zstd-1.zip: 87%
2/22/2025, 12:39:32 PM GMT+1 [Modules] Streaming discord_zstd@1 to /home/tmcooper/.config/discord/0.0.86/modules/pending/discord_zstd-1.zip: 88%
2/22/2025, 12:39:32 PM GMT+1 [Modules] Streaming discord_zstd@1 to /home/tmcooper/.config/discord/0.0.86/modules/pending/discord_zstd-1.zip: 89%
2/22/2025, 12:39:32 PM GMT+1 [Modules] Streaming discord_zstd@1 to /home/tmcooper/.config/discord/0.0.86/modules/pending/discord_zstd-1.zip: 90%
2/22/2025, 12:39:32 PM GMT+1 [Modules] Streaming discord_zstd@1 to /home/tmcooper/.config/discord/0.0.86/modules/pending/discord_zstd-1.zip: 91%
2/22/2025, 12:39:32 PM GMT+1 [Modules] Streaming discord_zstd@1 to /home/tmcooper/.config/discord/0.0.86/modules/pending/discord_zstd-1.zip: 92%
2/22/2025, 12:39:32 PM GMT+1 [Modules] Streaming discord_zstd@1 to /home/tmcooper/.config/discord/0.0.86/modules/pending/discord_zstd-1.zip: 93%
2/22/2025, 12:39:32 PM GMT+1 [Modules] Streaming discord_zstd@1 to /home/tmcooper/.config/discord/0.0.86/modules/pending/discord_zstd-1.zip: 94%
2/22/2025, 12:39:32 PM GMT+1 [Modules] Streaming discord_zstd@1 to /home/tmcooper/.config/discord/0.0.86/modules/pending/discord_zstd-1.zip: 95%
2/22/2025, 12:39:32 PM GMT+1 [Modules] Streaming discord_zstd@1 to /home/tmcooper/.config/discord/0.0.86/modules/pending/discord_zstd-1.zip: 96%
2/22/2025, 12:39:32 PM GMT+1 [Modules] Streaming discord_zstd@1 to /home/tmcooper/.config/discord/0.0.86/modules/pending/discord_zstd-1.zip: 97%
2/22/2025, 12:39:32 PM GMT+1 [Modules] Streaming discord_zstd@1 to /home/tmcooper/.config/discord/0.0.86/modules/pending/discord_zstd-1.zip: 98%
2/22/2025, 12:39:32 PM GMT+1 [Modules] Streaming discord_zstd@1 to /home/tmcooper/.config/discord/0.0.86/modules/pending/discord_zstd-1.zip: 99%
2/22/2025, 12:39:32 PM GMT+1 [Modules] Streaming discord_zstd@1 to /home/tmcooper/.config/discord/0.0.86/modules/pending/discord_zstd-1.zip: 100%
2/22/2025, 12:39:32 PM GMT+1 [Modules] Finished module downloads. [success: 6] [failure: 0]
2/22/2025, 12:39:32 PM GMT+1 [Modules] Installing updates...
2/22/2025, 12:39:32 PM GMT+1 [Modules] Installing discord_desktop_core@1 from /home/tmcooper/.config/discord/0.0.86/modules/pending/discord_desktop_core-1.zip
2/22/2025, 12:39:33 PM GMT+1 [Modules] Installing discord_erlpack@1 from /home/tmcooper/.config/discord/0.0.86/modules/pending/discord_erlpack-1.zip
2/22/2025, 12:39:33 PM GMT+1 [Modules] Installing discord_spellcheck@1 from /home/tmcooper/.config/discord/0.0.86/modules/pending/discord_spellcheck-1.zip
2/22/2025, 12:39:35 PM GMT+1 [Modules] Installing discord_utils@1 from /home/tmcooper/.config/discord/0.0.86/modules/pending/discord_utils-1.zip
2/22/2025, 12:39:35 PM GMT+1 [Modules] Installing discord_voice@1 from /home/tmcooper/.config/discord/0.0.86/modules/pending/discord_voice-1.zip
2/22/2025, 12:39:36 PM GMT+1 [Modules] Installing discord_zstd@1 from /home/tmcooper/.config/discord/0.0.86/modules/pending/discord_zstd-1.zip
2/22/2025, 12:39:36 PM GMT+1 [Modules] Finished module installations. [success: 6] [failure: 0]
2/22/2025, 12:39:36 PM GMT+1 [Modules] Checking for host updates.
2/22/2025, 12:39:37 PM GMT+1 [Modules] Host is up to date.
2/22/2025, 12:39:37 PM GMT+1 [Modules] Checking for module updates at https://discord.com/api/modules/stable/versions.json
2/22/2025, 12:39:37 PM GMT+1 [Modules] No module updates available.
2/22/2025, 12:40:00 PM GMT+1 [Modules] Starting to install discord_krisp...
2/22/2025, 12:40:00 PM GMT+1 [Modules] Fetching discord_krisp@1 from https://discord.com/api/modules/stable/discord_krisp/1
2/22/2025, 12:40:00 PM GMT+1 [Modules] Streaming discord_krisp@1 to /home/tmcooper/.config/discord/0.0.86/modules/pending/discord_krisp-1.zip
2/22/2025, 12:40:00 PM GMT+1 [Modules] Starting to install discord_game_utils...
2/22/2025, 12:40:03 PM GMT+1 [Modules] Streaming discord_krisp@1 to /home/tmcooper/.config/discord/0.0.86/modules/pending/discord_krisp-1.zip: 1%
2/22/2025, 12:40:05 PM GMT+1 [Modules] Streaming discord_krisp@1 to /home/tmcooper/.config/discord/0.0.86/modules/pending/discord_krisp-1.zip: 2%
2/22/2025, 12:40:07 PM GMT+1 [Modules] Streaming discord_krisp@1 to /home/tmcooper/.config/discord/0.0.86/modules/pending/discord_krisp-1.zip: 3%
2/22/2025, 12:40:08 PM GMT+1 [Modules] Streaming discord_krisp@1 to /home/tmcooper/.config/discord/0.0.86/modules/pending/discord_krisp-1.zip: 4%
2/22/2025, 12:40:10 PM GMT+1 [Modules] Streaming discord_krisp@1 to /home/tmcooper/.config/discord/0.0.86/modules/pending/discord_krisp-1.zip: 5%
2/22/2025, 12:40:12 PM GMT+1 [Modules] Streaming discord_krisp@1 to /home/tmcooper/.config/discord/0.0.86/modules/pending/discord_krisp-1.zip: 6%
2/22/2025, 12:40:13 PM GMT+1 [Modules] Streaming discord_krisp@1 to /home/tmcooper/.config/discord/0.0.86/modules/pending/discord_krisp-1.zip: 7%
2/22/2025, 12:40:15 PM GMT+1 [Modules] Streaming discord_krisp@1 to /home/tmcooper/.config/discord/0.0.86/modules/pending/discord_krisp-1.zip: 8%
2/22/2025, 12:40:17 PM GMT+1 [Modules] Streaming discord_krisp@1 to /home/tmcooper/.config/discord/0.0.86/modules/pending/discord_krisp-1.zip: 9%
2/22/2025, 12:40:18 PM GMT+1 [Modules] Streaming discord_krisp@1 to /home/tmcooper/.config/discord/0.0.86/modules/pending/discord_krisp-1.zip: 10%
2/22/2025, 12:40:20 PM GMT+1 [Modules] Streaming discord_krisp@1 to /home/tmcooper/.config/discord/0.0.86/modules/pending/discord_krisp-1.zip: 11%
2/22/2025, 12:40:22 PM GMT+1 [Modules] Streaming discord_krisp@1 to /home/tmcooper/.config/discord/0.0.86/modules/pending/discord_krisp-1.zip: 12%
2/22/2025, 12:40:24 PM GMT+1 [Modules] Streaming discord_krisp@1 to /home/tmcooper/.config/discord/0.0.86/modules/pending/discord_krisp-1.zip: 13%
2/22/2025, 12:40:26 PM GMT+1 [Modules] Streaming discord_krisp@1 to /home/tmcooper/.config/discord/0.0.86/modules/pending/discord_krisp-1.zip: 14%
2/22/2025, 12:40:27 PM GMT+1 [Modules] Streaming discord_krisp@1 to /home/tmcooper/.config/discord/0.0.86/modules/pending/discord_krisp-1.zip: 15%
2/22/2025, 12:40:29 PM GMT+1 [Modules] Streaming discord_krisp@1 to /home/tmcooper/.config/discord/0.0.86/modules/pending/discord_krisp-1.zip: 16%
2/22/2025, 12:40:29 PM GMT+1 [Modules] Checking for host updates.
2/22/2025, 12:40:30 PM GMT+1 [Modules] Host is up to date.
2/22/2025, 12:40:30 PM GMT+1 [Modules] Checking for module updates at https://discord.com/api/modules/stable/versions.json
2/22/2025, 12:40:30 PM GMT+1 [Modules] Starting to install discord_rpc...
2/22/2025, 12:40:30 PM GMT+1 [Modules] No module updates available.
2/22/2025, 12:40:30 PM GMT+1 [Modules] Streaming discord_krisp@1 to /home/tmcooper/.config/discord/0.0.86/modules/pending/discord_krisp-1.zip: 17%
2/22/2025, 12:40:32 PM GMT+1 [Modules] Streaming discord_krisp@1 to /home/tmcooper/.config/discord/0.0.86/modules/pending/discord_krisp-1.zip: 18%
2/22/2025, 12:40:33 PM GMT+1 [Modules] Streaming discord_krisp@1 to /home/tmcooper/.config/discord/0.0.86/modules/pending/discord_krisp-1.zip: 19%
2/22/2025, 12:40:35 PM GMT+1 [Modules] Streaming discord_krisp@1 to /home/tmcooper/.config/discord/0.0.86/modules/pending/discord_krisp-1.zip: 20%
2/22/2025, 12:40:36 PM GMT+1 [Modules] Streaming discord_krisp@1 to /home/tmcooper/.config/discord/0.0.86/modules/pending/discord_krisp-1.zip: 21%
2/22/2025, 12:40:37 PM GMT+1 [Modules] Streaming discord_krisp@1 to /home/tmcooper/.config/discord/0.0.86/modules/pending/discord_krisp-1.zip: 22%
2/22/2025, 12:40:39 PM GMT+1 [Modules] Streaming discord_krisp@1 to /home/tmcooper/.config/discord/0.0.86/modules/pending/discord_krisp-1.zip: 23%
2/22/2025, 12:40:39 PM GMT+1 [Modules] Streaming discord_krisp@1 to /home/tmcooper/.config/discord/0.0.86/modules/pending/discord_krisp-1.zip: 24%
2/22/2025, 12:40:41 PM GMT+1 [Modules] Streaming discord_krisp@1 to /home/tmcooper/.config/discord/0.0.86/modules/pending/discord_krisp-1.zip: 25%
2/22/2025, 12:40:42 PM GMT+1 [Modules] Streaming discord_krisp@1 to /home/tmcooper/.config/discord/0.0.86/modules/pending/discord_krisp-1.zip: 26%
2/22/2025, 12:40:43 PM GMT+1 [Modules] Streaming discord_krisp@1 to /home/tmcooper/.config/discord/0.0.86/modules/pending/discord_krisp-1.zip: 27%
2/22/2025, 12:40:44 PM GMT+1 [Modules] Streaming discord_krisp@1 to /home/tmcooper/.config/discord/0.0.86/modules/pending/discord_krisp-1.zip: 28%
2/22/2025, 12:40:45 PM GMT+1 [Modules] Streaming discord_krisp@1 to /home/tmcooper/.config/discord/0.0.86/modules/pending/discord_krisp-1.zip: 29%
2/22/2025, 12:40:46 PM GMT+1 [Modules] Streaming discord_krisp@1 to /home/tmcooper/.config/discord/0.0.86/modules/pending/discord_krisp-1.zip: 30%
2/22/2025, 12:40:47 PM GMT+1 [Modules] Streaming discord_krisp@1 to /home/tmcooper/.config/discord/0.0.86/modules/pending/discord_krisp-1.zip: 31%
2/22/2025, 12:40:48 PM GMT+1 [Modules] Streaming discord_krisp@1 to /home/tmcooper/.config/discord/0.0.86/modules/pending/discord_krisp-1.zip: 32%
2/22/2025, 12:40:49 PM GMT+1 [Modules] Streaming discord_krisp@1 to /home/tmcooper/.config/discord/0.0.86/modules/pending/discord_krisp-1.zip: 33%
2/22/2025, 12:40:50 PM GMT+1 [Modules] Streaming discord_krisp@1 to /home/tmcooper/.config/discord/0.0.86/modules/pending/discord_krisp-1.zip: 34%
2/22/2025, 12:40:51 PM GMT+1 [Modules] Streaming discord_krisp@1 to /home/tmcooper/.config/discord/0.0.86/modules/pending/discord_krisp-1.zip: 35%
2/22/2025, 12:40:51 PM GMT+1 [Modules] Streaming discord_krisp@1 to /home/tmcooper/.config/discord/0.0.86/modules/pending/discord_krisp-1.zip: 36%
2/22/2025, 12:40:52 PM GMT+1 [Modules] Streaming discord_krisp@1 to /home/tmcooper/.config/discord/0.0.86/modules/pending/discord_krisp-1.zip: 37%
2/22/2025, 12:40:53 PM GMT+1 [Modules] Streaming discord_krisp@1 to /home/tmcooper/.config/discord/0.0.86/modules/pending/discord_krisp-1.zip: 38%
2/22/2025, 12:40:54 PM GMT+1 [Modules] Streaming discord_krisp@1 to /home/tmcooper/.config/discord/0.0.86/modules/pending/discord_krisp-1.zip: 39%
2/22/2025, 12:40:55 PM GMT+1 [Modules] Streaming discord_krisp@1 to /home/tmcooper/.config/discord/0.0.86/modules/pending/discord_krisp-1.zip: 40%
2/22/2025, 12:40:56 PM GMT+1 [Modules] Streaming discord_krisp@1 to /home/tmcooper/.config/discord/0.0.86/modules/pending/discord_krisp-1.zip: 41%
2/22/2025, 12:40:57 PM GMT+1 [Modules] Streaming discord_krisp@1 to /home/tmcooper/.config/discord/0.0.86/modules/pending/discord_krisp-1.zip: 42%
2/22/2025, 12:40:58 PM GMT+1 [Modules] Streaming discord_krisp@1 to /home/tmcooper/.config/discord/0.0.86/modules/pending/discord_krisp-1.zip: 43%
2/22/2025, 12:40:59 PM GMT+1 [Modules] Streaming discord_krisp@1 to /home/tmcooper/.config/discord/0.0.86/modules/pending/discord_krisp-1.zip: 44%
2/22/2025, 12:41:00 PM GMT+1 [Modules] Streaming discord_krisp@1 to /home/tmcooper/.config/discord/0.0.86/modules/pending/discord_krisp-1.zip: 45%
2/22/2025, 12:41:01 PM GMT+1 [Modules] Streaming discord_krisp@1 to /home/tmcooper/.config/discord/0.0.86/modules/pending/discord_krisp-1.zip: 46%
2/22/2025, 12:41:02 PM GMT+1 [Modules] Streaming discord_krisp@1 to /home/tmcooper/.config/discord/0.0.86/modules/pending/discord_krisp-1.zip: 47%
2/22/2025, 12:41:03 PM GMT+1 [Modules] Streaming discord_krisp@1 to /home/tmcooper/.config/discord/0.0.86/modules/pending/discord_krisp-1.zip: 48%
2/22/2025, 12:41:04 PM GMT+1 [Modules] Streaming discord_krisp@1 to /home/tmcooper/.config/discord/0.0.86/modules/pending/discord_krisp-1.zip: 49%
2/22/2025, 12:41:05 PM GMT+1 [Modules] Streaming discord_krisp@1 to /home/tmcooper/.config/discord/0.0.86/modules/pending/discord_krisp-1.zip: 50%
2/22/2025, 12:41:06 PM GMT+1 [Modules] Streaming discord_krisp@1 to /home/tmcooper/.config/discord/0.0.86/modules/pending/discord_krisp-1.zip: 51%
2/22/2025, 12:41:07 PM GMT+1 [Modules] Streaming discord_krisp@1 to /home/tmcooper/.config/discord/0.0.86/modules/pending/discord_krisp-1.zip: 52%
2/22/2025, 12:41:08 PM GMT+1 [Modules] Streaming discord_krisp@1 to /home/tmcooper/.config/discord/0.0.86/modules/pending/discord_krisp-1.zip: 53%
2/22/2025, 12:41:09 PM GMT+1 [Modules] Streaming discord_krisp@1 to /home/tmcooper/.config/discord/0.0.86/modules/pending/discord_krisp-1.zip: 54%
2/22/2025, 12:41:10 PM GMT+1 [Modules] Streaming discord_krisp@1 to /home/tmcooper/.config/discord/0.0.86/modules/pending/discord_krisp-1.zip: 55%
2/22/2025, 12:41:11 PM GMT+1 [Modules] Streaming discord_krisp@1 to /home/tmcooper/.config/discord/0.0.86/modules/pending/discord_krisp-1.zip: 56%
2/22/2025, 12:41:12 PM GMT+1 [Modules] Streaming discord_krisp@1 to /home/tmcooper/.config/discord/0.0.86/modules/pending/discord_krisp-1.zip: 57%
2/22/2025, 12:41:13 PM GMT+1 [Modules] Streaming discord_krisp@1 to /home/tmcooper/.config/discord/0.0.86/modules/pending/discord_krisp-1.zip: 58%
2/22/2025, 12:41:14 PM GMT+1 [Modules] Streaming discord_krisp@1 to /home/tmcooper/.config/discord/0.0.86/modules/pending/discord_krisp-1.zip: 59%
2/22/2025, 12:41:15 PM GMT+1 [Modules] Streaming discord_krisp@1 to /home/tmcooper/.config/discord/0.0.86/modules/pending/discord_krisp-1.zip: 60%
2/22/2025, 12:41:17 PM GMT+1 [Modules] Streaming discord_krisp@1 to /home/tmcooper/.config/discord/0.0.86/modules/pending/discord_krisp-1.zip: 61%
2/22/2025, 12:41:18 PM GMT+1 [Modules] Streaming discord_krisp@1 to /home/tmcooper/.config/discord/0.0.86/modules/pending/discord_krisp-1.zip: 62%
2/22/2025, 12:41:19 PM GMT+1 [Modules] Streaming discord_krisp@1 to /home/tmcooper/.config/discord/0.0.86/modules/pending/discord_krisp-1.zip: 63%
2/22/2025, 12:41:22 PM GMT+1 [Modules] Streaming discord_krisp@1 to /home/tmcooper/.config/discord/0.0.86/modules/pending/discord_krisp-1.zip: 64%
2/22/2025, 12:41:25 PM GMT+1 [Modules] Streaming discord_krisp@1 to /home/tmcooper/.config/discord/0.0.86/modules/pending/discord_krisp-1.zip: 65%
2/22/2025, 12:41:26 PM GMT+1 [Modules] Streaming discord_krisp@1 to /home/tmcooper/.config/discord/0.0.86/modules/pending/discord_krisp-1.zip: 66%
2/22/2025, 12:41:27 PM GMT+1 [Modules] Streaming discord_krisp@1 to /home/tmcooper/.config/discord/0.0.86/modules/pending/discord_krisp-1.zip: 67%
2/22/2025, 12:41:30 PM GMT+1 [Modules] Streaming discord_krisp@1 to /home/tmcooper/.config/discord/0.0.86/modules/pending/discord_krisp-1.zip: 68%
2/22/2025, 12:41:32 PM GMT+1 [Modules] Streaming discord_krisp@1 to /home/tmcooper/.config/discord/0.0.86/modules/pending/discord_krisp-1.zip: 69%
2/22/2025, 12:41:38 PM GMT+1 [Modules] Streaming discord_krisp@1 to /home/tmcooper/.config/discord/0.0.86/modules/pending/discord_krisp-1.zip: 70%
2/22/2025, 12:41:42 PM GMT+1 [Modules] Streaming discord_krisp@1 to /home/tmcooper/.config/discord/0.0.86/modules/pending/discord_krisp-1.zip: 71%
2/22/2025, 12:41:45 PM GMT+1 [Modules] Streaming discord_krisp@1 to /home/tmcooper/.config/discord/0.0.86/modules/pending/discord_krisp-1.zip: 72%
2/22/2025, 12:41:47 PM GMT+1 [Modules] Streaming discord_krisp@1 to /home/tmcooper/.config/discord/0.0.86/modules/pending/discord_krisp-1.zip: 73%
2/22/2025, 12:41:49 PM GMT+1 [Modules] Streaming discord_krisp@1 to /home/tmcooper/.config/discord/0.0.86/modules/pending/discord_krisp-1.zip: 74%
2/22/2025, 12:41:51 PM GMT+1 [Modules] Streaming discord_krisp@1 to /home/tmcooper/.config/discord/0.0.86/modules/pending/discord_krisp-1.zip: 75%
2/22/2025, 12:41:53 PM GMT+1 [Modules] Streaming discord_krisp@1 to /home/tmcooper/.config/discord/0.0.86/modules/pending/discord_krisp-1.zip: 76%
2/22/2025, 12:41:55 PM GMT+1 [Modules] Streaming discord_krisp@1 to /home/tmcooper/.config/discord/0.0.86/modules/pending/discord_krisp-1.zip: 77%
2/22/2025, 12:41:58 PM GMT+1 [Modules] Streaming discord_krisp@1 to /home/tmcooper/.config/discord/0.0.86/modules/pending/discord_krisp-1.zip: 78%
2/22/2025, 12:42:00 PM GMT+1 [Modules] Streaming discord_krisp@1 to /home/tmcooper/.config/discord/0.0.86/modules/pending/discord_krisp-1.zip: 79%
2/22/2025, 12:42:01 PM GMT+1 [Modules] Streaming discord_krisp@1 to /home/tmcooper/.config/discord/0.0.86/modules/pending/discord_krisp-1.zip: 80%
2/22/2025, 12:42:02 PM GMT+1 [Modules] Streaming discord_krisp@1 to /home/tmcooper/.config/discord/0.0.86/modules/pending/discord_krisp-1.zip: 81%
2/22/2025, 12:42:06 PM GMT+1 [Modules] Streaming discord_krisp@1 to /home/tmcooper/.config/discord/0.0.86/modules/pending/discord_krisp-1.zip: 82%
2/22/2025, 12:42:09 PM GMT+1 [Modules] Streaming discord_krisp@1 to /home/tmcooper/.config/discord/0.0.86/modules/pending/discord_krisp-1.zip: 83%
2/22/2025, 12:42:11 PM GMT+1 [Modules] Streaming discord_krisp@1 to /home/tmcooper/.config/discord/0.0.86/modules/pending/discord_krisp-1.zip: 84%
2/22/2025, 12:42:12 PM GMT+1 [Modules] Streaming discord_krisp@1 to /home/tmcooper/.config/discord/0.0.86/modules/pending/discord_krisp-1.zip: 85%
2/22/2025, 12:42:14 PM GMT+1 [Modules] Streaming discord_krisp@1 to /home/tmcooper/.config/discord/0.0.86/modules/pending/discord_krisp-1.zip: 86%
2/22/2025, 12:42:15 PM GMT+1 [Modules] Streaming discord_krisp@1 to /home/tmcooper/.config/discord/0.0.86/modules/pending/discord_krisp-1.zip: 87%
2/22/2025, 12:42:17 PM GMT+1 [Modules] Streaming discord_krisp@1 to /home/tmcooper/.config/discord/0.0.86/modules/pending/discord_krisp-1.zip: 88%
2/22/2025, 12:42:18 PM GMT+1 [Modules] Streaming discord_krisp@1 to /home/tmcooper/.config/discord/0.0.86/modules/pending/discord_krisp-1.zip: 89%
2/22/2025, 12:42:19 PM GMT+1 [Modules] Streaming discord_krisp@1 to /home/tmcooper/.config/discord/0.0.86/modules/pending/discord_krisp-1.zip: 90%
2/22/2025, 12:42:20 PM GMT+1 [Modules] Streaming discord_krisp@1 to /home/tmcooper/.config/discord/0.0.86/modules/pending/discord_krisp-1.zip: 91%
2/22/2025, 12:42:22 PM GMT+1 [Modules] Streaming discord_krisp@1 to /home/tmcooper/.config/discord/0.0.86/modules/pending/discord_krisp-1.zip: 92%
2/22/2025, 12:42:23 PM GMT+1 [Modules] Streaming discord_krisp@1 to /home/tmcooper/.config/discord/0.0.86/modules/pending/discord_krisp-1.zip: 93%
2/22/2025, 12:42:24 PM GMT+1 [Modules] Streaming discord_krisp@1 to /home/tmcooper/.config/discord/0.0.86/modules/pending/discord_krisp-1.zip: 94%
2/22/2025, 12:42:25 PM GMT+1 [Modules] Streaming discord_krisp@1 to /home/tmcooper/.config/discord/0.0.86/modules/pending/discord_krisp-1.zip: 95%
2/22/2025, 12:42:26 PM GMT+1 [Modules] Streaming discord_krisp@1 to /home/tmcooper/.config/discord/0.0.86/modules/pending/discord_krisp-1.zip: 96%
2/22/2025, 12:42:27 PM GMT+1 [Modules] Streaming discord_krisp@1 to /home/tmcooper/.config/discord/0.0.86/modules/pending/discord_krisp-1.zip: 97%
2/22/2025, 12:42:29 PM GMT+1 [Modules] Streaming discord_krisp@1 to /home/tmcooper/.config/discord/0.0.86/modules/pending/discord_krisp-1.zip: 98%
2/22/2025, 12:42:31 PM GMT+1 [Modules] Streaming discord_krisp@1 to /home/tmcooper/.config/discord/0.0.86/modules/pending/discord_krisp-1.zip: 99%
2/22/2025, 12:42:32 PM GMT+1 [Modules] Streaming discord_krisp@1 to /home/tmcooper/.config/discord/0.0.86/modules/pending/discord_krisp-1.zip: 100%
2/22/2025, 12:42:32 PM GMT+1 [Modules] Fetching discord_game_utils@1 from https://discord.com/api/modules/stable/discord_game_utils/1
2/22/2025, 12:42:32 PM GMT+1 [Modules] Streaming discord_game_utils@1 to /home/tmcooper/.config/discord/0.0.86/modules/pending/discord_game_utils-1.zip
2/22/2025, 12:42:32 PM GMT+1 [Modules] Installing discord_krisp@1 from /home/tmcooper/.config/discord/0.0.86/modules/pending/discord_krisp-1.zip
2/22/2025, 12:42:33 PM GMT+1 [Modules] Streaming discord_game_utils@1 to /home/tmcooper/.config/discord/0.0.86/modules/pending/discord_game_utils-1.zip: 1%
2/22/2025, 12:42:33 PM GMT+1 [Modules] Streaming discord_game_utils@1 to /home/tmcooper/.config/discord/0.0.86/modules/pending/discord_game_utils-1.zip: 2%
2/22/2025, 12:42:33 PM GMT+1 [Modules] Streaming discord_game_utils@1 to /home/tmcooper/.config/discord/0.0.86/modules/pending/discord_game_utils-1.zip: 3%
2/22/2025, 12:42:33 PM GMT+1 [Modules] Streaming discord_game_utils@1 to /home/tmcooper/.config/discord/0.0.86/modules/pending/discord_game_utils-1.zip: 4%
2/22/2025, 12:42:33 PM GMT+1 [Modules] Streaming discord_game_utils@1 to /home/tmcooper/.config/discord/0.0.86/modules/pending/discord_game_utils-1.zip: 5%
2/22/2025, 12:42:33 PM GMT+1 [Modules] Streaming discord_game_utils@1 to /home/tmcooper/.config/discord/0.0.86/modules/pending/discord_game_utils-1.zip: 6%
2/22/2025, 12:42:33 PM GMT+1 [Modules] Streaming discord_game_utils@1 to /home/tmcooper/.config/discord/0.0.86/modules/pending/discord_game_utils-1.zip: 7%
2/22/2025, 12:42:33 PM GMT+1 [Modules] Streaming discord_game_utils@1 to /home/tmcooper/.config/discord/0.0.86/modules/pending/discord_game_utils-1.zip: 8%
2/22/2025, 12:42:33 PM GMT+1 [Modules] Streaming discord_game_utils@1 to /home/tmcooper/.config/discord/0.0.86/modules/pending/discord_game_utils-1.zip: 9%
2/22/2025, 12:42:34 PM GMT+1 [Modules] Streaming discord_game_utils@1 to /home/tmcooper/.config/discord/0.0.86/modules/pending/discord_game_utils-1.zip: 10%
2/22/2025, 12:42:34 PM GMT+1 [Modules] Finished module installations. [success: 1] [failure: 0]
2/22/2025, 12:42:34 PM GMT+1 [Modules] Streaming discord_game_utils@1 to /home/tmcooper/.config/discord/0.0.86/modules/pending/discord_game_utils-1.zip: 11%
2/22/2025, 12:42:34 PM GMT+1 [Modules] Streaming discord_game_utils@1 to /home/tmcooper/.config/discord/0.0.86/modules/pending/discord_game_utils-1.zip: 12%
2/22/2025, 12:42:34 PM GMT+1 [Modules] Streaming discord_game_utils@1 to /home/tmcooper/.config/discord/0.0.86/modules/pending/discord_game_utils-1.zip: 13%
2/22/2025, 12:42:34 PM GMT+1 [Modules] Streaming discord_game_utils@1 to /home/tmcooper/.config/discord/0.0.86/modules/pending/discord_game_utils-1.zip: 14%
2/22/2025, 12:42:34 PM GMT+1 [Modules] Streaming discord_game_utils@1 to /home/tmcooper/.config/discord/0.0.86/modules/pending/discord_game_utils-1.zip: 15%
2/22/2025, 12:42:34 PM GMT+1 [Modules] Streaming discord_game_utils@1 to /home/tmcooper/.config/discord/0.0.86/modules/pending/discord_game_utils-1.zip: 16%
2/22/2025, 12:42:34 PM GMT+1 [Modules] Streaming discord_game_utils@1 to /home/tmcooper/.config/discord/0.0.86/modules/pending/discord_game_utils-1.zip: 17%
2/22/2025, 12:42:34 PM GMT+1 [Modules] Streaming discord_game_utils@1 to /home/tmcooper/.config/discord/0.0.86/modules/pending/discord_game_utils-1.zip: 18%
2/22/2025, 12:42:34 PM GMT+1 [Modules] Streaming discord_game_utils@1 to /home/tmcooper/.config/discord/0.0.86/modules/pending/discord_game_utils-1.zip: 19%
2/22/2025, 12:42:35 PM GMT+1 [Modules] Streaming discord_game_utils@1 to /home/tmcooper/.config/discord/0.0.86/modules/pending/discord_game_utils-1.zip: 20%
2/22/2025, 12:42:35 PM GMT+1 [Modules] Streaming discord_game_utils@1 to /home/tmcooper/.config/discord/0.0.86/modules/pending/discord_game_utils-1.zip: 21%
2/22/2025, 12:42:35 PM GMT+1 [Modules] Streaming discord_game_utils@1 to /home/tmcooper/.config/discord/0.0.86/modules/pending/discord_game_utils-1.zip: 22%
2/22/2025, 12:42:35 PM GMT+1 [Modules] Streaming discord_game_utils@1 to /home/tmcooper/.config/discord/0.0.86/modules/pending/discord_game_utils-1.zip: 23%
2/22/2025, 12:42:35 PM GMT+1 [Modules] Streaming discord_game_utils@1 to /home/tmcooper/.config/discord/0.0.86/modules/pending/discord_game_utils-1.zip: 24%
2/22/2025, 12:42:35 PM GMT+1 [Modules] Streaming discord_game_utils@1 to /home/tmcooper/.config/discord/0.0.86/modules/pending/discord_game_utils-1.zip: 25%
2/22/2025, 12:42:35 PM GMT+1 [Modules] Streaming discord_game_utils@1 to /home/tmcooper/.config/discord/0.0.86/modules/pending/discord_game_utils-1.zip: 26%
2/22/2025, 12:42:35 PM GMT+1 [Modules] Streaming discord_game_utils@1 to /home/tmcooper/.config/discord/0.0.86/modules/pending/discord_game_utils-1.zip: 27%
2/22/2025, 12:42:35 PM GMT+1 [Modules] Streaming discord_game_utils@1 to /home/tmcooper/.config/discord/0.0.86/modules/pending/discord_game_utils-1.zip: 28%
2/22/2025, 12:42:36 PM GMT+1 [Modules] Streaming discord_game_utils@1 to /home/tmcooper/.config/discord/0.0.86/modules/pending/discord_game_utils-1.zip: 29%
2/22/2025, 12:42:36 PM GMT+1 [Modules] Streaming discord_game_utils@1 to /home/tmcooper/.config/discord/0.0.86/modules/pending/discord_game_utils-1.zip: 30%
2/22/2025, 12:42:36 PM GMT+1 [Modules] Streaming discord_game_utils@1 to /home/tmcooper/.config/discord/0.0.86/modules/pending/discord_game_utils-1.zip: 31%
2/22/2025, 12:42:36 PM GMT+1 [Modules] Streaming discord_game_utils@1 to /home/tmcooper/.config/discord/0.0.86/modules/pending/discord_game_utils-1.zip: 32%
2/22/2025, 12:42:36 PM GMT+1 [Modules] Streaming discord_game_utils@1 to /home/tmcooper/.config/discord/0.0.86/modules/pending/discord_game_utils-1.zip: 33%
2/22/2025, 12:42:36 PM GMT+1 [Modules] Streaming discord_game_utils@1 to /home/tmcooper/.config/discord/0.0.86/modules/pending/discord_game_utils-1.zip: 34%
2/22/2025, 12:42:36 PM GMT+1 [Modules] Streaming discord_game_utils@1 to /home/tmcooper/.config/discord/0.0.86/modules/pending/discord_game_utils-1.zip: 35%
2/22/2025, 12:42:36 PM GMT+1 [Modules] Streaming discord_game_utils@1 to /home/tmcooper/.config/discord/0.0.86/modules/pending/discord_game_utils-1.zip: 36%
2/22/2025, 12:42:36 PM GMT+1 [Modules] Streaming discord_game_utils@1 to /home/tmcooper/.config/discord/0.0.86/modules/pending/discord_game_utils-1.zip: 37%
2/22/2025, 12:42:36 PM GMT+1 [Modules] Streaming discord_game_utils@1 to /home/tmcooper/.config/discord/0.0.86/modules/pending/discord_game_utils-1.zip: 38%
2/22/2025, 12:42:37 PM GMT+1 [Modules] Streaming discord_game_utils@1 to /home/tmcooper/.config/discord/0.0.86/modules/pending/discord_game_utils-1.zip: 39%
2/22/2025, 12:42:37 PM GMT+1 [Modules] Streaming discord_game_utils@1 to /home/tmcooper/.config/discord/0.0.86/modules/pending/discord_game_utils-1.zip: 40%
2/22/2025, 12:42:37 PM GMT+1 [Modules] Streaming discord_game_utils@1 to /home/tmcooper/.config/discord/0.0.86/modules/pending/discord_game_utils-1.zip: 41%
2/22/2025, 12:42:37 PM GMT+1 [Modules] Streaming discord_game_utils@1 to /home/tmcooper/.config/discord/0.0.86/modules/pending/discord_game_utils-1.zip: 42%
2/22/2025, 12:42:37 PM GMT+1 [Modules] Streaming discord_game_utils@1 to /home/tmcooper/.config/discord/0.0.86/modules/pending/discord_game_utils-1.zip: 43%
2/22/2025, 12:42:37 PM GMT+1 [Modules] Streaming discord_game_utils@1 to /home/tmcooper/.config/discord/0.0.86/modules/pending/discord_game_utils-1.zip: 44%
2/22/2025, 12:42:37 PM GMT+1 [Modules] Streaming discord_game_utils@1 to /home/tmcooper/.config/discord/0.0.86/modules/pending/discord_game_utils-1.zip: 45%
2/22/2025, 12:42:37 PM GMT+1 [Modules] Streaming discord_game_utils@1 to /home/tmcooper/.config/discord/0.0.86/modules/pending/discord_game_utils-1.zip: 46%
2/22/2025, 12:42:37 PM GMT+1 [Modules] Streaming discord_game_utils@1 to /home/tmcooper/.config/discord/0.0.86/modules/pending/discord_game_utils-1.zip: 47%
2/22/2025, 12:42:38 PM GMT+1 [Modules] Streaming discord_game_utils@1 to /home/tmcooper/.config/discord/0.0.86/modules/pending/discord_game_utils-1.zip: 48%
2/22/2025, 12:42:38 PM GMT+1 [Modules] Streaming discord_game_utils@1 to /home/tmcooper/.config/discord/0.0.86/modules/pending/discord_game_utils-1.zip: 49%
2/22/2025, 12:42:38 PM GMT+1 [Modules] Streaming discord_game_utils@1 to /home/tmcooper/.config/discord/0.0.86/modules/pending/discord_game_utils-1.zip: 50%
2/22/2025, 12:42:38 PM GMT+1 [Modules] Streaming discord_game_utils@1 to /home/tmcooper/.config/discord/0.0.86/modules/pending/discord_game_utils-1.zip: 51%
2/22/2025, 12:42:38 PM GMT+1 [Modules] Streaming discord_game_utils@1 to /home/tmcooper/.config/discord/0.0.86/modules/pending/discord_game_utils-1.zip: 52%
2/22/2025, 12:42:38 PM GMT+1 [Modules] Streaming discord_game_utils@1 to /home/tmcooper/.config/discord/0.0.86/modules/pending/discord_game_utils-1.zip: 53%
2/22/2025, 12:42:38 PM GMT+1 [Modules] Streaming discord_game_utils@1 to /home/tmcooper/.config/discord/0.0.86/modules/pending/discord_game_utils-1.zip: 54%
2/22/2025, 12:42:38 PM GMT+1 [Modules] Streaming discord_game_utils@1 to /home/tmcooper/.config/discord/0.0.86/modules/pending/discord_game_utils-1.zip: 55%
2/22/2025, 12:42:38 PM GMT+1 [Modules] Streaming discord_game_utils@1 to /home/tmcooper/.config/discord/0.0.86/modules/pending/discord_game_utils-1.zip: 56%
2/22/2025, 12:42:38 PM GMT+1 [Modules] Streaming discord_game_utils@1 to /home/tmcooper/.config/discord/0.0.86/modules/pending/discord_game_utils-1.zip: 57%
2/22/2025, 12:42:39 PM GMT+1 [Modules] Streaming discord_game_utils@1 to /home/tmcooper/.config/discord/0.0.86/modules/pending/discord_game_utils-1.zip: 58%
2/22/2025, 12:42:39 PM GMT+1 [Modules] Streaming discord_game_utils@1 to /home/tmcooper/.config/discord/0.0.86/modules/pending/discord_game_utils-1.zip: 59%
2/22/2025, 12:42:39 PM GMT+1 [Modules] Streaming discord_game_utils@1 to /home/tmcooper/.config/discord/0.0.86/modules/pending/discord_game_utils-1.zip: 60%
2/22/2025, 12:42:39 PM GMT+1 [Modules] Streaming discord_game_utils@1 to /home/tmcooper/.config/discord/0.0.86/modules/pending/discord_game_utils-1.zip: 61%
2/22/2025, 12:42:39 PM GMT+1 [Modules] Streaming discord_game_utils@1 to /home/tmcooper/.config/discord/0.0.86/modules/pending/discord_game_utils-1.zip: 62%
2/22/2025, 12:42:39 PM GMT+1 [Modules] Streaming discord_game_utils@1 to /home/tmcooper/.config/discord/0.0.86/modules/pending/discord_game_utils-1.zip: 63%
2/22/2025, 12:42:39 PM GMT+1 [Modules] Streaming discord_game_utils@1 to /home/tmcooper/.config/discord/0.0.86/modules/pending/discord_game_utils-1.zip: 64%
2/22/2025, 12:42:39 PM GMT+1 [Modules] Streaming discord_game_utils@1 to /home/tmcooper/.config/discord/0.0.86/modules/pending/discord_game_utils-1.zip: 65%
2/22/2025, 12:42:39 PM GMT+1 [Modules] Streaming discord_game_utils@1 to /home/tmcooper/.config/discord/0.0.86/modules/pending/discord_game_utils-1.zip: 66%
2/22/2025, 12:42:40 PM GMT+1 [Modules] Streaming discord_game_utils@1 to /home/tmcooper/.config/discord/0.0.86/modules/pending/discord_game_utils-1.zip: 67%
2/22/2025, 12:42:40 PM GMT+1 [Modules] Streaming discord_game_utils@1 to /home/tmcooper/.config/discord/0.0.86/modules/pending/discord_game_utils-1.zip: 68%
2/22/2025, 12:42:40 PM GMT+1 [Modules] Streaming discord_game_utils@1 to /home/tmcooper/.config/discord/0.0.86/modules/pending/discord_game_utils-1.zip: 69%
2/22/2025, 12:42:40 PM GMT+1 [Modules] Streaming discord_game_utils@1 to /home/tmcooper/.config/discord/0.0.86/modules/pending/discord_game_utils-1.zip: 70%
2/22/2025, 12:42:40 PM GMT+1 [Modules] Streaming discord_game_utils@1 to /home/tmcooper/.config/discord/0.0.86/modules/pending/discord_game_utils-1.zip: 71%
2/22/2025, 12:42:40 PM GMT+1 [Modules] Streaming discord_game_utils@1 to /home/tmcooper/.config/discord/0.0.86/modules/pending/discord_game_utils-1.zip: 72%
2/22/2025, 12:42:40 PM GMT+1 [Modules] Streaming discord_game_utils@1 to /home/tmcooper/.config/discord/0.0.86/modules/pending/discord_game_utils-1.zip: 73%
2/22/2025, 12:42:40 PM GMT+1 [Modules] Streaming discord_game_utils@1 to /home/tmcooper/.config/discord/0.0.86/modules/pending/discord_game_utils-1.zip: 74%
2/22/2025, 12:42:40 PM GMT+1 [Modules] Streaming discord_game_utils@1 to /home/tmcooper/.config/discord/0.0.86/modules/pending/discord_game_utils-1.zip: 75%
2/22/2025, 12:42:41 PM GMT+1 [Modules] Streaming discord_game_utils@1 to /home/tmcooper/.config/discord/0.0.86/modules/pending/discord_game_utils-1.zip: 76%
2/22/2025, 12:42:41 PM GMT+1 [Modules] Streaming discord_game_utils@1 to /home/tmcooper/.config/discord/0.0.86/modules/pending/discord_game_utils-1.zip: 77%
2/22/2025, 12:42:41 PM GMT+1 [Modules] Streaming discord_game_utils@1 to /home/tmcooper/.config/discord/0.0.86/modules/pending/discord_game_utils-1.zip: 78%
2/22/2025, 12:42:41 PM GMT+1 [Modules] Streaming discord_game_utils@1 to /home/tmcooper/.config/discord/0.0.86/modules/pending/discord_game_utils-1.zip: 79%
2/22/2025, 12:42:41 PM GMT+1 [Modules] Streaming discord_game_utils@1 to /home/tmcooper/.config/discord/0.0.86/modules/pending/discord_game_utils-1.zip: 80%
2/22/2025, 12:42:41 PM GMT+1 [Modules] Streaming discord_game_utils@1 to /home/tmcooper/.config/discord/0.0.86/modules/pending/discord_game_utils-1.zip: 81%
2/22/2025, 12:42:41 PM GMT+1 [Modules] Streaming discord_game_utils@1 to /home/tmcooper/.config/discord/0.0.86/modules/pending/discord_game_utils-1.zip: 82%
2/22/2025, 12:42:41 PM GMT+1 [Modules] Streaming discord_game_utils@1 to /home/tmcooper/.config/discord/0.0.86/modules/pending/discord_game_utils-1.zip: 83%
2/22/2025, 12:42:41 PM GMT+1 [Modules] Streaming discord_game_utils@1 to /home/tmcooper/.config/discord/0.0.86/modules/pending/discord_game_utils-1.zip: 84%
2/22/2025, 12:42:41 PM GMT+1 [Modules] Streaming discord_game_utils@1 to /home/tmcooper/.config/discord/0.0.86/modules/pending/discord_game_utils-1.zip: 85%
2/22/2025, 12:42:42 PM GMT+1 [Modules] Streaming discord_game_utils@1 to /home/tmcooper/.config/discord/0.0.86/modules/pending/discord_game_utils-1.zip: 86%
2/22/2025, 12:42:42 PM GMT+1 [Modules] Streaming discord_game_utils@1 to /home/tmcooper/.config/discord/0.0.86/modules/pending/discord_game_utils-1.zip: 87%
2/22/2025, 12:42:42 PM GMT+1 [Modules] Streaming discord_game_utils@1 to /home/tmcooper/.config/discord/0.0.86/modules/pending/discord_game_utils-1.zip: 88%
2/22/2025, 12:42:42 PM GMT+1 [Modules] Streaming discord_game_utils@1 to /home/tmcooper/.config/discord/0.0.86/modules/pending/discord_game_utils-1.zip: 89%
2/22/2025, 12:42:42 PM GMT+1 [Modules] Streaming discord_game_utils@1 to /home/tmcooper/.config/discord/0.0.86/modules/pending/discord_game_utils-1.zip: 90%
2/22/2025, 12:42:42 PM GMT+1 [Modules] Streaming discord_game_utils@1 to /home/tmcooper/.config/discord/0.0.86/modules/pending/discord_game_utils-1.zip: 91%
2/22/2025, 12:42:42 PM GMT+1 [Modules] Streaming discord_game_utils@1 to /home/tmcooper/.config/discord/0.0.86/modules/pending/discord_game_utils-1.zip: 92%
2/22/2025, 12:42:42 PM GMT+1 [Modules] Streaming discord_game_utils@1 to /home/tmcooper/.config/discord/0.0.86/modules/pending/discord_game_utils-1.zip: 93%
2/22/2025, 12:42:42 PM GMT+1 [Modules] Streaming discord_game_utils@1 to /home/tmcooper/.config/discord/0.0.86/modules/pending/discord_game_utils-1.zip: 94%
2/22/2025, 12:42:43 PM GMT+1 [Modules] Streaming discord_game_utils@1 to /home/tmcooper/.config/discord/0.0.86/modules/pending/discord_game_utils-1.zip: 95%
2/22/2025, 12:42:43 PM GMT+1 [Modules] Streaming discord_game_utils@1 to /home/tmcooper/.config/discord/0.0.86/modules/pending/discord_game_utils-1.zip: 96%
2/22/2025, 12:42:43 PM GMT+1 [Modules] Streaming discord_game_utils@1 to /home/tmcooper/.config/discord/0.0.86/modules/pending/discord_game_utils-1.zip: 97%
2/22/2025, 12:42:43 PM GMT+1 [Modules] Streaming discord_game_utils@1 to /home/tmcooper/.config/discord/0.0.86/modules/pending/discord_game_utils-1.zip: 98%
2/22/2025, 12:42:43 PM GMT+1 [Modules] Streaming discord_game_utils@1 to /home/tmcooper/.config/discord/0.0.86/modules/pending/discord_game_utils-1.zip: 99%
2/22/2025, 12:42:43 PM GMT+1 [Modules] Streaming discord_game_utils@1 to /home/tmcooper/.config/discord/0.0.86/modules/pending/discord_game_utils-1.zip: 100%
2/22/2025, 12:42:43 PM GMT+1 [Modules] Fetching discord_rpc@1 from https://discord.com/api/modules/stable/discord_rpc/1
2/22/2025, 12:42:43 PM GMT+1 [Modules] Streaming discord_rpc@1 to /home/tmcooper/.config/discord/0.0.86/modules/pending/discord_rpc-1.zip
2/22/2025, 12:42:43 PM GMT+1 [Modules] Installing discord_game_utils@1 from /home/tmcooper/.config/discord/0.0.86/modules/pending/discord_game_utils-1.zip
2/22/2025, 12:42:43 PM GMT+1 [Modules] Finished module installations. [success: 1] [failure: 0]
2/22/2025, 12:42:43 PM GMT+1 [Modules] Streaming discord_rpc@1 to /home/tmcooper/.config/discord/0.0.86/modules/pending/discord_rpc-1.zip: 2%
2/22/2025, 12:42:43 PM GMT+1 [Modules] Streaming discord_rpc@1 to /home/tmcooper/.config/discord/0.0.86/modules/pending/discord_rpc-1.zip: 5%
2/22/2025, 12:42:43 PM GMT+1 [Modules] Streaming discord_rpc@1 to /home/tmcooper/.config/discord/0.0.86/modules/pending/discord_rpc-1.zip: 8%
2/22/2025, 12:42:43 PM GMT+1 [Modules] Streaming discord_rpc@1 to /home/tmcooper/.config/discord/0.0.86/modules/pending/discord_rpc-1.zip: 11%
2/22/2025, 12:42:43 PM GMT+1 [Modules] Streaming discord_rpc@1 to /home/tmcooper/.config/discord/0.0.86/modules/pending/discord_rpc-1.zip: 14%
2/22/2025, 12:42:43 PM GMT+1 [Modules] Streaming discord_rpc@1 to /home/tmcooper/.config/discord/0.0.86/modules/pending/discord_rpc-1.zip: 17%
2/22/2025, 12:42:43 PM GMT+1 [Modules] Streaming discord_rpc@1 to /home/tmcooper/.config/discord/0.0.86/modules/pending/discord_rpc-1.zip: 20%
2/22/2025, 12:42:43 PM GMT+1 [Modules] Streaming discord_rpc@1 to /home/tmcooper/.config/discord/0.0.86/modules/pending/discord_rpc-1.zip: 23%
2/22/2025, 12:42:43 PM GMT+1 [Modules] Streaming discord_rpc@1 to /home/tmcooper/.config/discord/0.0.86/modules/pending/discord_rpc-1.zip: 26%
2/22/2025, 12:42:43 PM GMT+1 [Modules] Streaming discord_rpc@1 to /home/tmcooper/.config/discord/0.0.86/modules/pending/discord_rpc-1.zip: 29%
2/22/2025, 12:42:43 PM GMT+1 [Modules] Streaming discord_rpc@1 to /home/tmcooper/.config/discord/0.0.86/modules/pending/discord_rpc-1.zip: 32%
2/22/2025, 12:42:43 PM GMT+1 [Modules] Streaming discord_rpc@1 to /home/tmcooper/.config/discord/0.0.86/modules/pending/discord_rpc-1.zip: 35%
2/22/2025, 12:42:43 PM GMT+1 [Modules] Streaming discord_rpc@1 to /home/tmcooper/.config/discord/0.0.86/modules/pending/discord_rpc-1.zip: 37%
2/22/2025, 12:42:43 PM GMT+1 [Modules] Streaming discord_rpc@1 to /home/tmcooper/.config/discord/0.0.86/modules/pending/discord_rpc-1.zip: 40%
2/22/2025, 12:42:43 PM GMT+1 [Modules] Streaming discord_rpc@1 to /home/tmcooper/.config/discord/0.0.86/modules/pending/discord_rpc-1.zip: 43%
2/22/2025, 12:42:43 PM GMT+1 [Modules] Streaming discord_rpc@1 to /home/tmcooper/.config/discord/0.0.86/modules/pending/discord_rpc-1.zip: 46%
2/22/2025, 12:42:43 PM GMT+1 [Modules] Streaming discord_rpc@1 to /home/tmcooper/.config/discord/0.0.86/modules/pending/discord_rpc-1.zip: 49%
2/22/2025, 12:42:43 PM GMT+1 [Modules] Streaming discord_rpc@1 to /home/tmcooper/.config/discord/0.0.86/modules/pending/discord_rpc-1.zip: 52%
2/22/2025, 12:42:43 PM GMT+1 [Modules] Streaming discord_rpc@1 to /home/tmcooper/.config/discord/0.0.86/modules/pending/discord_rpc-1.zip: 55%
2/22/2025, 12:42:43 PM GMT+1 [Modules] Streaming discord_rpc@1 to /home/tmcooper/.config/discord/0.0.86/modules/pending/discord_rpc-1.zip: 58%
2/22/2025, 12:42:43 PM GMT+1 [Modules] Streaming discord_rpc@1 to /home/tmcooper/.config/discord/0.0.86/modules/pending/discord_rpc-1.zip: 61%
2/22/2025, 12:42:43 PM GMT+1 [Modules] Streaming discord_rpc@1 to /home/tmcooper/.config/discord/0.0.86/modules/pending/discord_rpc-1.zip: 64%
2/22/2025, 12:42:43 PM GMT+1 [Modules] Streaming discord_rpc@1 to /home/tmcooper/.config/discord/0.0.86/modules/pending/discord_rpc-1.zip: 67%
2/22/2025, 12:42:43 PM GMT+1 [Modules] Streaming discord_rpc@1 to /home/tmcooper/.config/discord/0.0.86/modules/pending/discord_rpc-1.zip: 70%
2/22/2025, 12:42:43 PM GMT+1 [Modules] Streaming discord_rpc@1 to /home/tmcooper/.config/discord/0.0.86/modules/pending/discord_rpc-1.zip: 72%
2/22/2025, 12:42:43 PM GMT+1 [Modules] Streaming discord_rpc@1 to /home/tmcooper/.config/discord/0.0.86/modules/pending/discord_rpc-1.zip: 75%
2/22/2025, 12:42:43 PM GMT+1 [Modules] Streaming discord_rpc@1 to /home/tmcooper/.config/discord/0.0.86/modules/pending/discord_rpc-1.zip: 78%
2/22/2025, 12:42:43 PM GMT+1 [Modules] Streaming discord_rpc@1 to /home/tmcooper/.config/discord/0.0.86/modules/pending/discord_rpc-1.zip: 81%
2/22/2025, 12:42:43 PM GMT+1 [Modules] Streaming discord_rpc@1 to /home/tmcooper/.config/discord/0.0.86/modules/pending/discord_rpc-1.zip: 84%
2/22/2025, 12:42:43 PM GMT+1 [Modules] Streaming discord_rpc@1 to /home/tmcooper/.config/discord/0.0.86/modules/pending/discord_rpc-1.zip: 87%
2/22/2025, 12:42:43 PM GMT+1 [Modules] Streaming discord_rpc@1 to /home/tmcooper/.config/discord/0.0.86/modules/pending/discord_rpc-1.zip: 90%
2/22/2025, 12:42:43 PM GMT+1 [Modules] Streaming discord_rpc@1 to /home/tmcooper/.config/discord/0.0.86/modules/pending/discord_rpc-1.zip: 93%
2/22/2025, 12:42:43 PM GMT+1 [Modules] Streaming discord_rpc@1 to /home/tmcooper/.config/discord/0.0.86/modules/pending/discord_rpc-1.zip: 96%
2/22/2025, 12:42:43 PM GMT+1 [Modules] Streaming discord_rpc@1 to /home/tmcooper/.config/discord/0.0.86/modules/pending/discord_rpc-1.zip: 99%
2/22/2025, 12:42:43 PM GMT+1 [Modules] Streaming discord_rpc@1 to /home/tmcooper/.config/discord/0.0.86/modules/pending/discord_rpc-1.zip: 100%
2/22/2025, 12:42:43 PM GMT+1 [Modules] Finished module downloads. [success: 3] [failure: 0]
2/22/2025, 12:42:43 PM GMT+1 [Modules] Installing discord_rpc@1 from /home/tmcooper/.config/discord/0.0.86/modules/pending/discord_rpc-1.zip
2/22/2025, 12:42:43 PM GMT+1 [Modules] Finished module installations. [success: 1] [failure: 0]
2/22/2025, 1:40:29 PM GMT+1 [Modules] Checking for host updates.
2/22/2025, 1:40:30 PM GMT+1 [Modules] Host is up to date.
2/22/2025, 1:40:30 PM GMT+1 [Modules] Checking for module updates at https://discord.com/api/modules/stable/versions.json
2/22/2025, 1:40:30 PM GMT+1 [Modules] No module updates available.
2/22/2025, 2:42:31 PM GMT+1 [Modules] Modules initializing
2/22/2025, 2:42:31 PM GMT+1 [Modules] Distribution: remote
2/22/2025, 2:42:31 PM GMT+1 [Modules] Host updates: enabled
2/22/2025, 2:42:31 PM GMT+1 [Modules] Module updates: enabled
2/22/2025, 2:42:31 PM GMT+1 [Modules] Module install path: /home/tmcooper/.config/discord/0.0.86/modules
2/22/2025, 2:42:31 PM GMT+1 [Modules] Module installed file path: /home/tmcooper/.config/discord/0.0.86/modules/installed.json
2/22/2025, 2:42:31 PM GMT+1 [Modules] Module download path: /home/tmcooper/.config/discord/0.0.86/modules/pending
2/22/2025, 2:42:33 PM GMT+1 [Modules] No updates to install
2/22/2025, 2:42:33 PM GMT+1 [Modules] Checking for host updates.
2/22/2025, 2:42:35 PM GMT+1 [Modules] Host is up to date.
2/22/2025, 2:42:35 PM GMT+1 [Modules] Checking for module updates at https://discord.com/api/modules/stable/versions.json
2/22/2025, 2:42:36 PM GMT+1 [Modules] No module updates available.
2/22/2025, 2:42:48 PM GMT+1 [Modules] Checking for host updates.
2/22/2025, 2:42:53 PM GMT+1 [Modules] Host is up to date.
2/22/2025, 2:42:53 PM GMT+1 [Modules] Checking for module updates at https://discord.com/api/modules/stable/versions.json
2/22/2025, 2:42:53 PM GMT+1 [Modules] No module updates available.
2/22/2025, 2:44:47 PM GMT+1 [Modules] Modules initializing
2/22/2025, 2:44:47 PM GMT+1 [Modules] Distribution: remote
2/22/2025, 2:44:47 PM GMT+1 [Modules] Host updates: enabled
2/22/2025, 2:44:47 PM GMT+1 [Modules] Module updates: enabled
2/22/2025, 2:44:47 PM GMT+1 [Modules] Module install path: /home/tmcooper/.config/discord/0.0.86/modules
2/22/2025, 2:44:47 PM GMT+1 [Modules] Module installed file path: /home/tmcooper/.config/discord/0.0.86/modules/installed.json
2/22/2025, 2:44:47 PM GMT+1 [Modules] Module download path: /home/tmcooper/.config/discord/0.0.86/modules/pending
2/22/2025, 2:44:48 PM GMT+1 [Modules] No updates to install
2/22/2025, 2:44:48 PM GMT+1 [Modules] Checking for host updates.
2/22/2025, 2:44:49 PM GMT+1 [Modules] Host is up to date.
2/22/2025, 2:44:49 PM GMT+1 [Modules] Checking for module updates at https://discord.com/api/modules/stable/versions.json
2/22/2025, 2:44:49 PM GMT+1 [Modules] No module updates available.
2/22/2025, 2:55:12 PM GMT+1 [Modules] Checking for host updates.
2/22/2025, 2:55:15 PM GMT+1 [Modules] Host is up to date.
2/22/2025, 2:55:15 PM GMT+1 [Modules] Checking for module updates at https://discord.com/api/modules/stable/versions.json
2/22/2025, 2:55:31 PM GMT+1 [Modules] No module updates available.
2/22/2025, 3:55:12 PM GMT+1 [Modules] Checking for host updates.
2/22/2025, 3:55:13 PM GMT+1 [Modules] Host is up to date.
2/22/2025, 3:55:13 PM GMT+1 [Modules] Checking for module updates at https://discord.com/api/modules/stable/versions.json
2/22/2025, 3:55:14 PM GMT+1 [Modules] No module updates available.
2/22/2025, 4:55:13 PM GMT+1 [Modules] Checking for host updates.
2/22/2025, 4:55:14 PM GMT+1 [Modules] Host is up to date.
2/22/2025, 4:55:14 PM GMT+1 [Modules] Checking for module updates at https://discord.com/api/modules/stable/versions.json
2/22/2025, 4:55:14 PM GMT+1 [Modules] No module updates available.
2/22/2025, 5:55:12 PM GMT+1 [Modules] Checking for host updates.
2/22/2025, 5:55:13 PM GMT+1 [Modules] Host is up to date.
2/22/2025, 5:55:13 PM GMT+1 [Modules] Checking for module updates at https://discord.com/api/modules/stable/versions.json
2/22/2025, 5:55:13 PM GMT+1 [Modules] No module updates available.
2/22/2025, 6:55:12 PM GMT+1 [Modules] Checking for host updates.
2/22/2025, 6:55:13 PM GMT+1 [Modules] Host is up to date.
2/22/2025, 6:55:13 PM GMT+1 [Modules] Checking for module updates at https://discord.com/api/modules/stable/versions.json
2/22/2025, 6:55:13 PM GMT+1 [Modules] No module updates available.
2/22/2025, 7:55:13 PM GMT+1 [Modules] Checking for host updates.
2/22/2025, 7:55:14 PM GMT+1 [Modules] Host is up to date.
2/22/2025, 7:55:14 PM GMT+1 [Modules] Checking for module updates at https://discord.com/api/modules/stable/versions.json
2/22/2025, 7:55:14 PM GMT+1 [Modules] No module updates available.
4/5/2025, 1:11:06 PM GMT+2 [Modules] Modules initializing
4/5/2025, 1:11:06 PM GMT+2 [Modules] Distribution: remote
4/5/2025, 1:11:06 PM GMT+2 [Modules] Host updates: enabled
4/5/2025, 1:11:06 PM GMT+2 [Modules] Module updates: enabled
4/5/2025, 1:11:06 PM GMT+2 [Modules] Module install path: /home/tmcooper/.config/discord/0.0.86/modules
4/5/2025, 1:11:06 PM GMT+2 [Modules] Module installed file path: /home/tmcooper/.config/discord/0.0.86/modules/installed.json
4/5/2025, 1:11:06 PM GMT+2 [Modules] Module download path: /home/tmcooper/.config/discord/0.0.86/modules/pending
4/5/2025, 1:11:10 PM GMT+2 [Modules] No updates to install
4/5/2025, 1:11:10 PM GMT+2 [Modules] Checking for host updates.
4/5/2025, 1:11:18 PM GMT+2 [Modules] Host update is available. Manual update required!
4/5/2025, 2:43:18 PM GMT+2 [Modules] Modules initializing
4/5/2025, 2:43:19 PM GMT+2 [Modules] Distribution: remote
4/5/2025, 2:43:19 PM GMT+2 [Modules] Host updates: enabled
4/5/2025, 2:43:19 PM GMT+2 [Modules] Module updates: enabled
4/5/2025, 2:43:19 PM GMT+2 [Modules] Module install path: /home/tmcooper/.config/discord/0.0.90/modules
4/5/2025, 2:43:19 PM GMT+2 [Modules] Module installed file path: /home/tmcooper/.config/discord/0.0.90/modules/installed.json
4/5/2025, 2:43:19 PM GMT+2 [Modules] Module download path: /home/tmcooper/.config/discord/0.0.90/modules/pending
4/5/2025, 2:43:21 PM GMT+2 [Modules] Bootstrapping...
4/5/2025, 2:43:21 PM GMT+2 [Modules] Installing discord_desktop_core@0 from /opt/discord/resources/bootstrap/discord_desktop_core.zip
4/5/2025, 2:43:21 PM GMT+2 [Modules] Failed installing discord_desktop_core@0: Error: ENOENT: no such file or directory, open '/opt/discord/resources/bootstrap/discord_desktop_core.zip'
4/5/2025, 2:43:21 PM GMT+2 [Modules] Installing discord_erlpack@0 from /opt/discord/resources/bootstrap/discord_erlpack.zip
4/5/2025, 2:43:21 PM GMT+2 [Modules] Failed installing discord_erlpack@0: Error: ENOENT: no such file or directory, open '/opt/discord/resources/bootstrap/discord_erlpack.zip'
4/5/2025, 2:43:21 PM GMT+2 [Modules] Installing discord_spellcheck@0 from /opt/discord/resources/bootstrap/discord_spellcheck.zip
4/5/2025, 2:43:21 PM GMT+2 [Modules] Failed installing discord_spellcheck@0: Error: ENOENT: no such file or directory, open '/opt/discord/resources/bootstrap/discord_spellcheck.zip'
4/5/2025, 2:43:21 PM GMT+2 [Modules] Installing discord_utils@0 from /opt/discord/resources/bootstrap/discord_utils.zip
4/5/2025, 2:43:21 PM GMT+2 [Modules] Failed installing discord_utils@0: Error: ENOENT: no such file or directory, open '/opt/discord/resources/bootstrap/discord_utils.zip'
4/5/2025, 2:43:21 PM GMT+2 [Modules] Installing discord_voice@0 from /opt/discord/resources/bootstrap/discord_voice.zip
4/5/2025, 2:43:21 PM GMT+2 [Modules] Failed installing discord_voice@0: Error: ENOENT: no such file or directory, open '/opt/discord/resources/bootstrap/discord_voice.zip'
4/5/2025, 2:43:21 PM GMT+2 [Modules] Installing discord_zstd@0 from /opt/discord/resources/bootstrap/discord_zstd.zip
4/5/2025, 2:43:21 PM GMT+2 [Modules] Failed installing discord_zstd@0: Error: ENOENT: no such file or directory, open '/opt/discord/resources/bootstrap/discord_zstd.zip'
4/5/2025, 2:43:21 PM GMT+2 [Modules] Finished module installations. [success: 0] [failure: 6]
4/5/2025, 2:43:21 PM GMT+2 [Modules] Checking for host updates.
4/5/2025, 2:43:22 PM GMT+2 [Modules] Host is up to date.
4/5/2025, 2:43:22 PM GMT+2 [Modules] Checking for module updates at https://discord.com/api/modules/stable/versions.json
4/5/2025, 2:43:22 PM GMT+2 [Modules] Module update available: discord_desktop_core@1 [installed: 0]
4/5/2025, 2:43:22 PM GMT+2 [Modules] Module update available: discord_erlpack@1 [installed: 0]
4/5/2025, 2:43:22 PM GMT+2 [Modules] Module update available: discord_spellcheck@1 [installed: 0]
4/5/2025, 2:43:22 PM GMT+2 [Modules] Module update available: discord_utils@1 [installed: 0]
4/5/2025, 2:43:22 PM GMT+2 [Modules] Module update available: discord_voice@1 [installed: 0]
4/5/2025, 2:43:22 PM GMT+2 [Modules] Module update available: discord_zstd@1 [installed: 0]
4/5/2025, 2:43:22 PM GMT+2 [Modules] Fetching discord_desktop_core@1 from https://discord.com/api/modules/stable/discord_desktop_core/1
4/5/2025, 2:43:22 PM GMT+2 [Modules] Streaming discord_desktop_core@1 to /home/tmcooper/.config/discord/0.0.90/modules/pending/discord_desktop_core-1.zip
4/5/2025, 2:43:23 PM GMT+2 [Modules] Streaming discord_desktop_core@1 to /home/tmcooper/.config/discord/0.0.90/modules/pending/discord_desktop_core-1.zip: 1%
4/5/2025, 2:43:23 PM GMT+2 [Modules] Streaming discord_desktop_core@1 to /home/tmcooper/.config/discord/0.0.90/modules/pending/discord_desktop_core-1.zip: 2%
4/5/2025, 2:43:23 PM GMT+2 [Modules] Streaming discord_desktop_core@1 to /home/tmcooper/.config/discord/0.0.90/modules/pending/discord_desktop_core-1.zip: 3%
4/5/2025, 2:43:23 PM GMT+2 [Modules] Streaming discord_desktop_core@1 to /home/tmcooper/.config/discord/0.0.90/modules/pending/discord_desktop_core-1.zip: 4%
4/5/2025, 2:43:23 PM GMT+2 [Modules] Streaming discord_desktop_core@1 to /home/tmcooper/.config/discord/0.0.90/modules/pending/discord_desktop_core-1.zip: 5%
4/5/2025, 2:43:23 PM GMT+2 [Modules] Streaming discord_desktop_core@1 to /home/tmcooper/.config/discord/0.0.90/modules/pending/discord_desktop_core-1.zip: 8%
4/5/2025, 2:43:23 PM GMT+2 [Modules] Streaming discord_desktop_core@1 to /home/tmcooper/.config/discord/0.0.90/modules/pending/discord_desktop_core-1.zip: 9%
4/5/2025, 2:43:23 PM GMT+2 [Modules] Streaming discord_desktop_core@1 to /home/tmcooper/.config/discord/0.0.90/modules/pending/discord_desktop_core-1.zip: 10%
4/5/2025, 2:43:23 PM GMT+2 [Modules] Streaming discord_desktop_core@1 to /home/tmcooper/.config/discord/0.0.90/modules/pending/discord_desktop_core-1.zip: 12%
4/5/2025, 2:43:23 PM GMT+2 [Modules] Streaming discord_desktop_core@1 to /home/tmcooper/.config/discord/0.0.90/modules/pending/discord_desktop_core-1.zip: 15%
4/5/2025, 2:43:23 PM GMT+2 [Modules] Streaming discord_desktop_core@1 to /home/tmcooper/.config/discord/0.0.90/modules/pending/discord_desktop_core-1.zip: 16%
4/5/2025, 2:43:23 PM GMT+2 [Modules] Streaming discord_desktop_core@1 to /home/tmcooper/.config/discord/0.0.90/modules/pending/discord_desktop_core-1.zip: 17%
4/5/2025, 2:43:23 PM GMT+2 [Modules] Streaming discord_desktop_core@1 to /home/tmcooper/.config/discord/0.0.90/modules/pending/discord_desktop_core-1.zip: 18%
4/5/2025, 2:43:23 PM GMT+2 [Modules] Streaming discord_desktop_core@1 to /home/tmcooper/.config/discord/0.0.90/modules/pending/discord_desktop_core-1.zip: 19%
4/5/2025, 2:43:23 PM GMT+2 [Modules] Streaming discord_desktop_core@1 to /home/tmcooper/.config/discord/0.0.90/modules/pending/discord_desktop_core-1.zip: 20%
4/5/2025, 2:43:23 PM GMT+2 [Modules] Streaming discord_desktop_core@1 to /home/tmcooper/.config/discord/0.0.90/modules/pending/discord_desktop_core-1.zip: 23%
4/5/2025, 2:43:23 PM GMT+2 [Modules] Streaming discord_desktop_core@1 to /home/tmcooper/.config/discord/0.0.90/modules/pending/discord_desktop_core-1.zip: 24%
4/5/2025, 2:43:23 PM GMT+2 [Modules] Streaming discord_desktop_core@1 to /home/tmcooper/.config/discord/0.0.90/modules/pending/discord_desktop_core-1.zip: 27%
4/5/2025, 2:43:23 PM GMT+2 [Modules] Streaming discord_desktop_core@1 to /home/tmcooper/.config/discord/0.0.90/modules/pending/discord_desktop_core-1.zip: 28%
4/5/2025, 2:43:23 PM GMT+2 [Modules] Streaming discord_desktop_core@1 to /home/tmcooper/.config/discord/0.0.90/modules/pending/discord_desktop_core-1.zip: 29%
4/5/2025, 2:43:23 PM GMT+2 [Modules] Streaming discord_desktop_core@1 to /home/tmcooper/.config/discord/0.0.90/modules/pending/discord_desktop_core-1.zip: 30%
4/5/2025, 2:43:23 PM GMT+2 [Modules] Streaming discord_desktop_core@1 to /home/tmcooper/.config/discord/0.0.90/modules/pending/discord_desktop_core-1.zip: 32%
4/5/2025, 2:43:23 PM GMT+2 [Modules] Streaming discord_desktop_core@1 to /home/tmcooper/.config/discord/0.0.90/modules/pending/discord_desktop_core-1.zip: 34%
4/5/2025, 2:43:23 PM GMT+2 [Modules] Streaming discord_desktop_core@1 to /home/tmcooper/.config/discord/0.0.90/modules/pending/discord_desktop_core-1.zip: 37%
4/5/2025, 2:43:23 PM GMT+2 [Modules] Streaming discord_desktop_core@1 to /home/tmcooper/.config/discord/0.0.90/modules/pending/discord_desktop_core-1.zip: 38%
4/5/2025, 2:43:23 PM GMT+2 [Modules] Streaming discord_desktop_core@1 to /home/tmcooper/.config/discord/0.0.90/modules/pending/discord_desktop_core-1.zip: 39%
4/5/2025, 2:43:24 PM GMT+2 [Modules] Streaming discord_desktop_core@1 to /home/tmcooper/.config/discord/0.0.90/modules/pending/discord_desktop_core-1.zip: 41%
4/5/2025, 2:43:24 PM GMT+2 [Modules] Streaming discord_desktop_core@1 to /home/tmcooper/.config/discord/0.0.90/modules/pending/discord_desktop_core-1.zip: 42%
4/5/2025, 2:43:24 PM GMT+2 [Modules] Streaming discord_desktop_core@1 to /home/tmcooper/.config/discord/0.0.90/modules/pending/discord_desktop_core-1.zip: 46%
4/5/2025, 2:43:24 PM GMT+2 [Modules] Streaming discord_desktop_core@1 to /home/tmcooper/.config/discord/0.0.90/modules/pending/discord_desktop_core-1.zip: 47%
4/5/2025, 2:43:24 PM GMT+2 [Modules] Streaming discord_desktop_core@1 to /home/tmcooper/.config/discord/0.0.90/modules/pending/discord_desktop_core-1.zip: 48%
4/5/2025, 2:43:24 PM GMT+2 [Modules] Streaming discord_desktop_core@1 to /home/tmcooper/.config/discord/0.0.90/modules/pending/discord_desktop_core-1.zip: 51%
4/5/2025, 2:43:24 PM GMT+2 [Modules] Streaming discord_desktop_core@1 to /home/tmcooper/.config/discord/0.0.90/modules/pending/discord_desktop_core-1.zip: 52%
4/5/2025, 2:43:24 PM GMT+2 [Modules] Streaming discord_desktop_core@1 to /home/tmcooper/.config/discord/0.0.90/modules/pending/discord_desktop_core-1.zip: 56%
4/5/2025, 2:43:24 PM GMT+2 [Modules] Streaming discord_desktop_core@1 to /home/tmcooper/.config/discord/0.0.90/modules/pending/discord_desktop_core-1.zip: 59%
4/5/2025, 2:43:24 PM GMT+2 [Modules] Streaming discord_desktop_core@1 to /home/tmcooper/.config/discord/0.0.90/modules/pending/discord_desktop_core-1.zip: 60%
4/5/2025, 2:43:24 PM GMT+2 [Modules] Streaming discord_desktop_core@1 to /home/tmcooper/.config/discord/0.0.90/modules/pending/discord_desktop_core-1.zip: 61%
4/5/2025, 2:43:24 PM GMT+2 [Modules] Streaming discord_desktop_core@1 to /home/tmcooper/.config/discord/0.0.90/modules/pending/discord_desktop_core-1.zip: 63%
4/5/2025, 2:43:24 PM GMT+2 [Modules] Streaming discord_desktop_core@1 to /home/tmcooper/.config/discord/0.0.90/modules/pending/discord_desktop_core-1.zip: 65%
4/5/2025, 2:43:24 PM GMT+2 [Modules] Streaming discord_desktop_core@1 to /home/tmcooper/.config/discord/0.0.90/modules/pending/discord_desktop_core-1.zip: 68%
4/5/2025, 2:43:24 PM GMT+2 [Modules] Streaming discord_desktop_core@1 to /home/tmcooper/.config/discord/0.0.90/modules/pending/discord_desktop_core-1.zip: 69%
4/5/2025, 2:43:24 PM GMT+2 [Modules] Streaming discord_desktop_core@1 to /home/tmcooper/.config/discord/0.0.90/modules/pending/discord_desktop_core-1.zip: 70%
4/5/2025, 2:43:24 PM GMT+2 [Modules] Streaming discord_desktop_core@1 to /home/tmcooper/.config/discord/0.0.90/modules/pending/discord_desktop_core-1.zip: 71%
4/5/2025, 2:43:24 PM GMT+2 [Modules] Streaming discord_desktop_core@1 to /home/tmcooper/.config/discord/0.0.90/modules/pending/discord_desktop_core-1.zip: 74%
4/5/2025, 2:43:24 PM GMT+2 [Modules] Streaming discord_desktop_core@1 to /home/tmcooper/.config/discord/0.0.90/modules/pending/discord_desktop_core-1.zip: 75%
4/5/2025, 2:43:24 PM GMT+2 [Modules] Streaming discord_desktop_core@1 to /home/tmcooper/.config/discord/0.0.90/modules/pending/discord_desktop_core-1.zip: 78%
4/5/2025, 2:43:24 PM GMT+2 [Modules] Streaming discord_desktop_core@1 to /home/tmcooper/.config/discord/0.0.90/modules/pending/discord_desktop_core-1.zip: 80%
4/5/2025, 2:43:24 PM GMT+2 [Modules] Streaming discord_desktop_core@1 to /home/tmcooper/.config/discord/0.0.90/modules/pending/discord_desktop_core-1.zip: 83%
4/5/2025, 2:43:24 PM GMT+2 [Modules] Streaming discord_desktop_core@1 to /home/tmcooper/.config/discord/0.0.90/modules/pending/discord_desktop_core-1.zip: 85%
4/5/2025, 2:43:24 PM GMT+2 [Modules] Streaming discord_desktop_core@1 to /home/tmcooper/.config/discord/0.0.90/modules/pending/discord_desktop_core-1.zip: 87%
4/5/2025, 2:43:24 PM GMT+2 [Modules] Streaming discord_desktop_core@1 to /home/tmcooper/.config/discord/0.0.90/modules/pending/discord_desktop_core-1.zip: 88%
4/5/2025, 2:43:24 PM GMT+2 [Modules] Streaming discord_desktop_core@1 to /home/tmcooper/.config/discord/0.0.90/modules/pending/discord_desktop_core-1.zip: 89%
4/5/2025, 2:43:24 PM GMT+2 [Modules] Streaming discord_desktop_core@1 to /home/tmcooper/.config/discord/0.0.90/modules/pending/discord_desktop_core-1.zip: 90%
4/5/2025, 2:43:24 PM GMT+2 [Modules] Streaming discord_desktop_core@1 to /home/tmcooper/.config/discord/0.0.90/modules/pending/discord_desktop_core-1.zip: 91%
4/5/2025, 2:43:24 PM GMT+2 [Modules] Streaming discord_desktop_core@1 to /home/tmcooper/.config/discord/0.0.90/modules/pending/discord_desktop_core-1.zip: 93%
4/5/2025, 2:43:24 PM GMT+2 [Modules] Streaming discord_desktop_core@1 to /home/tmcooper/.config/discord/0.0.90/modules/pending/discord_desktop_core-1.zip: 94%
4/5/2025, 2:43:24 PM GMT+2 [Modules] Streaming discord_desktop_core@1 to /home/tmcooper/.config/discord/0.0.90/modules/pending/discord_desktop_core-1.zip: 97%
4/5/2025, 2:43:24 PM GMT+2 [Modules] Streaming discord_desktop_core@1 to /home/tmcooper/.config/discord/0.0.90/modules/pending/discord_desktop_core-1.zip: 98%
4/5/2025, 2:43:24 PM GMT+2 [Modules] Streaming discord_desktop_core@1 to /home/tmcooper/.config/discord/0.0.90/modules/pending/discord_desktop_core-1.zip: 100%
4/5/2025, 2:43:24 PM GMT+2 [Modules] Fetching discord_erlpack@1 from https://discord.com/api/modules/stable/discord_erlpack/1
4/5/2025, 2:43:24 PM GMT+2 [Modules] Streaming discord_erlpack@1 to /home/tmcooper/.config/discord/0.0.90/modules/pending/discord_erlpack-1.zip
4/5/2025, 2:43:24 PM GMT+2 [Modules] Streaming discord_erlpack@1 to /home/tmcooper/.config/discord/0.0.90/modules/pending/discord_erlpack-1.zip: 2%
4/5/2025, 2:43:24 PM GMT+2 [Modules] Streaming discord_erlpack@1 to /home/tmcooper/.config/discord/0.0.90/modules/pending/discord_erlpack-1.zip: 3%
4/5/2025, 2:43:24 PM GMT+2 [Modules] Streaming discord_erlpack@1 to /home/tmcooper/.config/discord/0.0.90/modules/pending/discord_erlpack-1.zip: 4%
4/5/2025, 2:43:24 PM GMT+2 [Modules] Streaming discord_erlpack@1 to /home/tmcooper/.config/discord/0.0.90/modules/pending/discord_erlpack-1.zip: 7%
4/5/2025, 2:43:24 PM GMT+2 [Modules] Streaming discord_erlpack@1 to /home/tmcooper/.config/discord/0.0.90/modules/pending/discord_erlpack-1.zip: 8%
4/5/2025, 2:43:24 PM GMT+2 [Modules] Streaming discord_erlpack@1 to /home/tmcooper/.config/discord/0.0.90/modules/pending/discord_erlpack-1.zip: 9%
4/5/2025, 2:43:24 PM GMT+2 [Modules] Streaming discord_erlpack@1 to /home/tmcooper/.config/discord/0.0.90/modules/pending/discord_erlpack-1.zip: 12%
4/5/2025, 2:43:24 PM GMT+2 [Modules] Streaming discord_erlpack@1 to /home/tmcooper/.config/discord/0.0.90/modules/pending/discord_erlpack-1.zip: 14%
4/5/2025, 2:43:24 PM GMT+2 [Modules] Streaming discord_erlpack@1 to /home/tmcooper/.config/discord/0.0.90/modules/pending/discord_erlpack-1.zip: 15%
4/5/2025, 2:43:24 PM GMT+2 [Modules] Streaming discord_erlpack@1 to /home/tmcooper/.config/discord/0.0.90/modules/pending/discord_erlpack-1.zip: 16%
4/5/2025, 2:43:24 PM GMT+2 [Modules] Streaming discord_erlpack@1 to /home/tmcooper/.config/discord/0.0.90/modules/pending/discord_erlpack-1.zip: 18%
4/5/2025, 2:43:24 PM GMT+2 [Modules] Streaming discord_erlpack@1 to /home/tmcooper/.config/discord/0.0.90/modules/pending/discord_erlpack-1.zip: 19%
4/5/2025, 2:43:24 PM GMT+2 [Modules] Streaming discord_erlpack@1 to /home/tmcooper/.config/discord/0.0.90/modules/pending/discord_erlpack-1.zip: 20%
4/5/2025, 2:43:24 PM GMT+2 [Modules] Streaming discord_erlpack@1 to /home/tmcooper/.config/discord/0.0.90/modules/pending/discord_erlpack-1.zip: 21%
4/5/2025, 2:43:24 PM GMT+2 [Modules] Streaming discord_erlpack@1 to /home/tmcooper/.config/discord/0.0.90/modules/pending/discord_erlpack-1.zip: 22%
4/5/2025, 2:43:24 PM GMT+2 [Modules] Streaming discord_erlpack@1 to /home/tmcooper/.config/discord/0.0.90/modules/pending/discord_erlpack-1.zip: 23%
4/5/2025, 2:43:25 PM GMT+2 [Modules] Streaming discord_erlpack@1 to /home/tmcooper/.config/discord/0.0.90/modules/pending/discord_erlpack-1.zip: 24%
4/5/2025, 2:43:25 PM GMT+2 [Modules] Streaming discord_erlpack@1 to /home/tmcooper/.config/discord/0.0.90/modules/pending/discord_erlpack-1.zip: 27%
4/5/2025, 2:43:25 PM GMT+2 [Modules] Streaming discord_erlpack@1 to /home/tmcooper/.config/discord/0.0.90/modules/pending/discord_erlpack-1.zip: 29%
4/5/2025, 2:43:25 PM GMT+2 [Modules] Streaming discord_erlpack@1 to /home/tmcooper/.config/discord/0.0.90/modules/pending/discord_erlpack-1.zip: 30%
4/5/2025, 2:43:25 PM GMT+2 [Modules] Streaming discord_erlpack@1 to /home/tmcooper/.config/discord/0.0.90/modules/pending/discord_erlpack-1.zip: 31%
4/5/2025, 2:43:25 PM GMT+2 [Modules] Streaming discord_erlpack@1 to /home/tmcooper/.config/discord/0.0.90/modules/pending/discord_erlpack-1.zip: 33%
4/5/2025, 2:43:25 PM GMT+2 [Modules] Streaming discord_erlpack@1 to /home/tmcooper/.config/discord/0.0.90/modules/pending/discord_erlpack-1.zip: 36%
4/5/2025, 2:43:25 PM GMT+2 [Modules] Streaming discord_erlpack@1 to /home/tmcooper/.config/discord/0.0.90/modules/pending/discord_erlpack-1.zip: 38%
4/5/2025, 2:43:25 PM GMT+2 [Modules] Streaming discord_erlpack@1 to /home/tmcooper/.config/discord/0.0.90/modules/pending/discord_erlpack-1.zip: 39%
4/5/2025, 2:43:25 PM GMT+2 [Modules] Streaming discord_erlpack@1 to /home/tmcooper/.config/discord/0.0.90/modules/pending/discord_erlpack-1.zip: 40%
4/5/2025, 2:43:25 PM GMT+2 [Modules] Streaming discord_erlpack@1 to /home/tmcooper/.config/discord/0.0.90/modules/pending/discord_erlpack-1.zip: 41%
4/5/2025, 2:43:25 PM GMT+2 [Modules] Streaming discord_erlpack@1 to /home/tmcooper/.config/discord/0.0.90/modules/pending/discord_erlpack-1.zip: 42%
4/5/2025, 2:43:25 PM GMT+2 [Modules] Streaming discord_erlpack@1 to /home/tmcooper/.config/discord/0.0.90/modules/pending/discord_erlpack-1.zip: 43%
4/5/2025, 2:43:25 PM GMT+2 [Modules] Streaming discord_erlpack@1 to /home/tmcooper/.config/discord/0.0.90/modules/pending/discord_erlpack-1.zip: 44%
4/5/2025, 2:43:25 PM GMT+2 [Modules] Streaming discord_erlpack@1 to /home/tmcooper/.config/discord/0.0.90/modules/pending/discord_erlpack-1.zip: 45%
4/5/2025, 2:43:25 PM GMT+2 [Modules] Streaming discord_erlpack@1 to /home/tmcooper/.config/discord/0.0.90/modules/pending/discord_erlpack-1.zip: 46%
4/5/2025, 2:43:25 PM GMT+2 [Modules] Streaming discord_erlpack@1 to /home/tmcooper/.config/discord/0.0.90/modules/pending/discord_erlpack-1.zip: 47%
4/5/2025, 2:43:25 PM GMT+2 [Modules] Streaming discord_erlpack@1 to /home/tmcooper/.config/discord/0.0.90/modules/pending/discord_erlpack-1.zip: 48%
4/5/2025, 2:43:25 PM GMT+2 [Modules] Streaming discord_erlpack@1 to /home/tmcooper/.config/discord/0.0.90/modules/pending/discord_erlpack-1.zip: 49%
4/5/2025, 2:43:25 PM GMT+2 [Modules] Streaming discord_erlpack@1 to /home/tmcooper/.config/discord/0.0.90/modules/pending/discord_erlpack-1.zip: 50%
4/5/2025, 2:43:25 PM GMT+2 [Modules] Streaming discord_erlpack@1 to /home/tmcooper/.config/discord/0.0.90/modules/pending/discord_erlpack-1.zip: 53%
4/5/2025, 2:43:25 PM GMT+2 [Modules] Streaming discord_erlpack@1 to /home/tmcooper/.config/discord/0.0.90/modules/pending/discord_erlpack-1.zip: 55%
4/5/2025, 2:43:25 PM GMT+2 [Modules] Streaming discord_erlpack@1 to /home/tmcooper/.config/discord/0.0.90/modules/pending/discord_erlpack-1.zip: 56%
4/5/2025, 2:43:25 PM GMT+2 [Modules] Streaming discord_erlpack@1 to /home/tmcooper/.config/discord/0.0.90/modules/pending/discord_erlpack-1.zip: 57%
4/5/2025, 2:43:25 PM GMT+2 [Modules] Streaming discord_erlpack@1 to /home/tmcooper/.config/discord/0.0.90/modules/pending/discord_erlpack-1.zip: 60%
4/5/2025, 2:43:25 PM GMT+2 [Modules] Streaming discord_erlpack@1 to /home/tmcooper/.config/discord/0.0.90/modules/pending/discord_erlpack-1.zip: 61%
4/5/2025, 2:43:25 PM GMT+2 [Modules] Streaming discord_erlpack@1 to /home/tmcooper/.config/discord/0.0.90/modules/pending/discord_erlpack-1.zip: 62%
4/5/2025, 2:43:25 PM GMT+2 [Modules] Streaming discord_erlpack@1 to /home/tmcooper/.config/discord/0.0.90/modules/pending/discord_erlpack-1.zip: 63%
4/5/2025, 2:43:25 PM GMT+2 [Modules] Streaming discord_erlpack@1 to /home/tmcooper/.config/discord/0.0.90/modules/pending/discord_erlpack-1.zip: 64%
4/5/2025, 2:43:25 PM GMT+2 [Modules] Streaming discord_erlpack@1 to /home/tmcooper/.config/discord/0.0.90/modules/pending/discord_erlpack-1.zip: 65%
4/5/2025, 2:43:25 PM GMT+2 [Modules] Streaming discord_erlpack@1 to /home/tmcooper/.config/discord/0.0.90/modules/pending/discord_erlpack-1.zip: 66%
4/5/2025, 2:43:25 PM GMT+2 [Modules] Streaming discord_erlpack@1 to /home/tmcooper/.config/discord/0.0.90/modules/pending/discord_erlpack-1.zip: 69%
4/5/2025, 2:43:25 PM GMT+2 [Modules] Streaming discord_erlpack@1 to /home/tmcooper/.config/discord/0.0.90/modules/pending/discord_erlpack-1.zip: 70%
4/5/2025, 2:43:25 PM GMT+2 [Modules] Streaming discord_erlpack@1 to /home/tmcooper/.config/discord/0.0.90/modules/pending/discord_erlpack-1.zip: 71%
4/5/2025, 2:43:25 PM GMT+2 [Modules] Streaming discord_erlpack@1 to /home/tmcooper/.config/discord/0.0.90/modules/pending/discord_erlpack-1.zip: 72%
4/5/2025, 2:43:25 PM GMT+2 [Modules] Streaming discord_erlpack@1 to /home/tmcooper/.config/discord/0.0.90/modules/pending/discord_erlpack-1.zip: 73%
4/5/2025, 2:43:25 PM GMT+2 [Modules] Streaming discord_erlpack@1 to /home/tmcooper/.config/discord/0.0.90/modules/pending/discord_erlpack-1.zip: 74%
4/5/2025, 2:43:25 PM GMT+2 [Modules] Streaming discord_erlpack@1 to /home/tmcooper/.config/discord/0.0.90/modules/pending/discord_erlpack-1.zip: 75%
4/5/2025, 2:43:25 PM GMT+2 [Modules] Streaming discord_erlpack@1 to /home/tmcooper/.config/discord/0.0.90/modules/pending/discord_erlpack-1.zip: 76%
4/5/2025, 2:43:25 PM GMT+2 [Modules] Streaming discord_erlpack@1 to /home/tmcooper/.config/discord/0.0.90/modules/pending/discord_erlpack-1.zip: 77%
4/5/2025, 2:43:25 PM GMT+2 [Modules] Streaming discord_erlpack@1 to /home/tmcooper/.config/discord/0.0.90/modules/pending/discord_erlpack-1.zip: 78%
4/5/2025, 2:43:25 PM GMT+2 [Modules] Streaming discord_erlpack@1 to /home/tmcooper/.config/discord/0.0.90/modules/pending/discord_erlpack-1.zip: 79%
4/5/2025, 2:43:25 PM GMT+2 [Modules] Streaming discord_erlpack@1 to /home/tmcooper/.config/discord/0.0.90/modules/pending/discord_erlpack-1.zip: 80%
4/5/2025, 2:43:25 PM GMT+2 [Modules] Streaming discord_erlpack@1 to /home/tmcooper/.config/discord/0.0.90/modules/pending/discord_erlpack-1.zip: 81%
4/5/2025, 2:43:25 PM GMT+2 [Modules] Streaming discord_erlpack@1 to /home/tmcooper/.config/discord/0.0.90/modules/pending/discord_erlpack-1.zip: 83%
4/5/2025, 2:43:25 PM GMT+2 [Modules] Streaming discord_erlpack@1 to /home/tmcooper/.config/discord/0.0.90/modules/pending/discord_erlpack-1.zip: 84%
4/5/2025, 2:43:25 PM GMT+2 [Modules] Streaming discord_erlpack@1 to /home/tmcooper/.config/discord/0.0.90/modules/pending/discord_erlpack-1.zip: 85%
4/5/2025, 2:43:25 PM GMT+2 [Modules] Streaming discord_erlpack@1 to /home/tmcooper/.config/discord/0.0.90/modules/pending/discord_erlpack-1.zip: 88%
4/5/2025, 2:43:25 PM GMT+2 [Modules] Streaming discord_erlpack@1 to /home/tmcooper/.config/discord/0.0.90/modules/pending/discord_erlpack-1.zip: 89%
4/5/2025, 2:43:25 PM GMT+2 [Modules] Streaming discord_erlpack@1 to /home/tmcooper/.config/discord/0.0.90/modules/pending/discord_erlpack-1.zip: 92%
4/5/2025, 2:43:25 PM GMT+2 [Modules] Streaming discord_erlpack@1 to /home/tmcooper/.config/discord/0.0.90/modules/pending/discord_erlpack-1.zip: 93%
4/5/2025, 2:43:25 PM GMT+2 [Modules] Streaming discord_erlpack@1 to /home/tmcooper/.config/discord/0.0.90/modules/pending/discord_erlpack-1.zip: 94%
4/5/2025, 2:43:25 PM GMT+2 [Modules] Streaming discord_erlpack@1 to /home/tmcooper/.config/discord/0.0.90/modules/pending/discord_erlpack-1.zip: 96%
4/5/2025, 2:43:25 PM GMT+2 [Modules] Streaming discord_erlpack@1 to /home/tmcooper/.config/discord/0.0.90/modules/pending/discord_erlpack-1.zip: 97%
4/5/2025, 2:43:25 PM GMT+2 [Modules] Streaming discord_erlpack@1 to /home/tmcooper/.config/discord/0.0.90/modules/pending/discord_erlpack-1.zip: 100%
4/5/2025, 2:43:25 PM GMT+2 [Modules] Fetching discord_spellcheck@1 from https://discord.com/api/modules/stable/discord_spellcheck/1
4/5/2025, 2:43:25 PM GMT+2 [Modules] Streaming discord_spellcheck@1 to /home/tmcooper/.config/discord/0.0.90/modules/pending/discord_spellcheck-1.zip
4/5/2025, 2:43:26 PM GMT+2 [Modules] Streaming discord_spellcheck@1 to /home/tmcooper/.config/discord/0.0.90/modules/pending/discord_spellcheck-1.zip: 1%
4/5/2025, 2:43:26 PM GMT+2 [Modules] Streaming discord_spellcheck@1 to /home/tmcooper/.config/discord/0.0.90/modules/pending/discord_spellcheck-1.zip: 2%
4/5/2025, 2:43:26 PM GMT+2 [Modules] Streaming discord_spellcheck@1 to /home/tmcooper/.config/discord/0.0.90/modules/pending/discord_spellcheck-1.zip: 3%
4/5/2025, 2:43:26 PM GMT+2 [Modules] Streaming discord_spellcheck@1 to /home/tmcooper/.config/discord/0.0.90/modules/pending/discord_spellcheck-1.zip: 4%
4/5/2025, 2:43:26 PM GMT+2 [Modules] Streaming discord_spellcheck@1 to /home/tmcooper/.config/discord/0.0.90/modules/pending/discord_spellcheck-1.zip: 5%
4/5/2025, 2:43:27 PM GMT+2 [Modules] Streaming discord_spellcheck@1 to /home/tmcooper/.config/discord/0.0.90/modules/pending/discord_spellcheck-1.zip: 6%
4/5/2025, 2:43:27 PM GMT+2 [Modules] Streaming discord_spellcheck@1 to /home/tmcooper/.config/discord/0.0.90/modules/pending/discord_spellcheck-1.zip: 7%
4/5/2025, 2:43:27 PM GMT+2 [Modules] Streaming discord_spellcheck@1 to /home/tmcooper/.config/discord/0.0.90/modules/pending/discord_spellcheck-1.zip: 8%
4/5/2025, 2:43:27 PM GMT+2 [Modules] Streaming discord_spellcheck@1 to /home/tmcooper/.config/discord/0.0.90/modules/pending/discord_spellcheck-1.zip: 9%
4/5/2025, 2:43:27 PM GMT+2 [Modules] Streaming discord_spellcheck@1 to /home/tmcooper/.config/discord/0.0.90/modules/pending/discord_spellcheck-1.zip: 10%
4/5/2025, 2:43:27 PM GMT+2 [Modules] Streaming discord_spellcheck@1 to /home/tmcooper/.config/discord/0.0.90/modules/pending/discord_spellcheck-1.zip: 11%
4/5/2025, 2:43:27 PM GMT+2 [Modules] Streaming discord_spellcheck@1 to /home/tmcooper/.config/discord/0.0.90/modules/pending/discord_spellcheck-1.zip: 12%
4/5/2025, 2:43:27 PM GMT+2 [Modules] Streaming discord_spellcheck@1 to /home/tmcooper/.config/discord/0.0.90/modules/pending/discord_spellcheck-1.zip: 13%
4/5/2025, 2:43:27 PM GMT+2 [Modules] Streaming discord_spellcheck@1 to /home/tmcooper/.config/discord/0.0.90/modules/pending/discord_spellcheck-1.zip: 14%
4/5/2025, 2:43:27 PM GMT+2 [Modules] Streaming discord_spellcheck@1 to /home/tmcooper/.config/discord/0.0.90/modules/pending/discord_spellcheck-1.zip: 15%
4/5/2025, 2:43:27 PM GMT+2 [Modules] Streaming discord_spellcheck@1 to /home/tmcooper/.config/discord/0.0.90/modules/pending/discord_spellcheck-1.zip: 16%
4/5/2025, 2:43:28 PM GMT+2 [Modules] Streaming discord_spellcheck@1 to /home/tmcooper/.config/discord/0.0.90/modules/pending/discord_spellcheck-1.zip: 17%
4/5/2025, 2:43:28 PM GMT+2 [Modules] Streaming discord_spellcheck@1 to /home/tmcooper/.config/discord/0.0.90/modules/pending/discord_spellcheck-1.zip: 18%
4/5/2025, 2:43:28 PM GMT+2 [Modules] Streaming discord_spellcheck@1 to /home/tmcooper/.config/discord/0.0.90/modules/pending/discord_spellcheck-1.zip: 19%
4/5/2025, 2:43:28 PM GMT+2 [Modules] Streaming discord_spellcheck@1 to /home/tmcooper/.config/discord/0.0.90/modules/pending/discord_spellcheck-1.zip: 20%
4/5/2025, 2:43:28 PM GMT+2 [Modules] Streaming discord_spellcheck@1 to /home/tmcooper/.config/discord/0.0.90/modules/pending/discord_spellcheck-1.zip: 21%
4/5/2025, 2:43:28 PM GMT+2 [Modules] Streaming discord_spellcheck@1 to /home/tmcooper/.config/discord/0.0.90/modules/pending/discord_spellcheck-1.zip: 22%
4/5/2025, 2:43:28 PM GMT+2 [Modules] Streaming discord_spellcheck@1 to /home/tmcooper/.config/discord/0.0.90/modules/pending/discord_spellcheck-1.zip: 23%
4/5/2025, 2:43:28 PM GMT+2 [Modules] Streaming discord_spellcheck@1 to /home/tmcooper/.config/discord/0.0.90/modules/pending/discord_spellcheck-1.zip: 24%
4/5/2025, 2:43:28 PM GMT+2 [Modules] Streaming discord_spellcheck@1 to /home/tmcooper/.config/discord/0.0.90/modules/pending/discord_spellcheck-1.zip: 25%
4/5/2025, 2:43:28 PM GMT+2 [Modules] Streaming discord_spellcheck@1 to /home/tmcooper/.config/discord/0.0.90/modules/pending/discord_spellcheck-1.zip: 26%
4/5/2025, 2:43:28 PM GMT+2 [Modules] Streaming discord_spellcheck@1 to /home/tmcooper/.config/discord/0.0.90/modules/pending/discord_spellcheck-1.zip: 27%
4/5/2025, 2:43:28 PM GMT+2 [Modules] Streaming discord_spellcheck@1 to /home/tmcooper/.config/discord/0.0.90/modules/pending/discord_spellcheck-1.zip: 28%
4/5/2025, 2:43:28 PM GMT+2 [Modules] Streaming discord_spellcheck@1 to /home/tmcooper/.config/discord/0.0.90/modules/pending/discord_spellcheck-1.zip: 29%
4/5/2025, 2:43:28 PM GMT+2 [Modules] Streaming discord_spellcheck@1 to /home/tmcooper/.config/discord/0.0.90/modules/pending/discord_spellcheck-1.zip: 30%
4/5/2025, 2:43:28 PM GMT+2 [Modules] Streaming discord_spellcheck@1 to /home/tmcooper/.config/discord/0.0.90/modules/pending/discord_spellcheck-1.zip: 31%
4/5/2025, 2:43:28 PM GMT+2 [Modules] Streaming discord_spellcheck@1 to /home/tmcooper/.config/discord/0.0.90/modules/pending/discord_spellcheck-1.zip: 32%
4/5/2025, 2:43:29 PM GMT+2 [Modules] Streaming discord_spellcheck@1 to /home/tmcooper/.config/discord/0.0.90/modules/pending/discord_spellcheck-1.zip: 33%
4/5/2025, 2:43:29 PM GMT+2 [Modules] Streaming discord_spellcheck@1 to /home/tmcooper/.config/discord/0.0.90/modules/pending/discord_spellcheck-1.zip: 34%
4/5/2025, 2:43:29 PM GMT+2 [Modules] Streaming discord_spellcheck@1 to /home/tmcooper/.config/discord/0.0.90/modules/pending/discord_spellcheck-1.zip: 35%
4/5/2025, 2:43:29 PM GMT+2 [Modules] Streaming discord_spellcheck@1 to /home/tmcooper/.config/discord/0.0.90/modules/pending/discord_spellcheck-1.zip: 36%
4/5/2025, 2:43:29 PM GMT+2 [Modules] Streaming discord_spellcheck@1 to /home/tmcooper/.config/discord/0.0.90/modules/pending/discord_spellcheck-1.zip: 37%
4/5/2025, 2:43:29 PM GMT+2 [Modules] Streaming discord_spellcheck@1 to /home/tmcooper/.config/discord/0.0.90/modules/pending/discord_spellcheck-1.zip: 38%
4/5/2025, 2:43:29 PM GMT+2 [Modules] Streaming discord_spellcheck@1 to /home/tmcooper/.config/discord/0.0.90/modules/pending/discord_spellcheck-1.zip: 39%
4/5/2025, 2:43:29 PM GMT+2 [Modules] Streaming discord_spellcheck@1 to /home/tmcooper/.config/discord/0.0.90/modules/pending/discord_spellcheck-1.zip: 40%
4/5/2025, 2:43:29 PM GMT+2 [Modules] Streaming discord_spellcheck@1 to /home/tmcooper/.config/discord/0.0.90/modules/pending/discord_spellcheck-1.zip: 41%
4/5/2025, 2:43:29 PM GMT+2 [Modules] Streaming discord_spellcheck@1 to /home/tmcooper/.config/discord/0.0.90/modules/pending/discord_spellcheck-1.zip: 42%
4/5/2025, 2:43:29 PM GMT+2 [Modules] Streaming discord_spellcheck@1 to /home/tmcooper/.config/discord/0.0.90/modules/pending/discord_spellcheck-1.zip: 43%
4/5/2025, 2:43:29 PM GMT+2 [Modules] Streaming discord_spellcheck@1 to /home/tmcooper/.config/discord/0.0.90/modules/pending/discord_spellcheck-1.zip: 44%
4/5/2025, 2:43:29 PM GMT+2 [Modules] Streaming discord_spellcheck@1 to /home/tmcooper/.config/discord/0.0.90/modules/pending/discord_spellcheck-1.zip: 45%
4/5/2025, 2:43:29 PM GMT+2 [Modules] Streaming discord_spellcheck@1 to /home/tmcooper/.config/discord/0.0.90/modules/pending/discord_spellcheck-1.zip: 46%
4/5/2025, 2:43:29 PM GMT+2 [Modules] Streaming discord_spellcheck@1 to /home/tmcooper/.config/discord/0.0.90/modules/pending/discord_spellcheck-1.zip: 47%
4/5/2025, 2:43:30 PM GMT+2 [Modules] Streaming discord_spellcheck@1 to /home/tmcooper/.config/discord/0.0.90/modules/pending/discord_spellcheck-1.zip: 48%
4/5/2025, 2:43:30 PM GMT+2 [Modules] Streaming discord_spellcheck@1 to /home/tmcooper/.config/discord/0.0.90/modules/pending/discord_spellcheck-1.zip: 49%
4/5/2025, 2:43:30 PM GMT+2 [Modules] Streaming discord_spellcheck@1 to /home/tmcooper/.config/discord/0.0.90/modules/pending/discord_spellcheck-1.zip: 50%
4/5/2025, 2:43:30 PM GMT+2 [Modules] Streaming discord_spellcheck@1 to /home/tmcooper/.config/discord/0.0.90/modules/pending/discord_spellcheck-1.zip: 51%
4/5/2025, 2:43:30 PM GMT+2 [Modules] Streaming discord_spellcheck@1 to /home/tmcooper/.config/discord/0.0.90/modules/pending/discord_spellcheck-1.zip: 52%
4/5/2025, 2:43:30 PM GMT+2 [Modules] Streaming discord_spellcheck@1 to /home/tmcooper/.config/discord/0.0.90/modules/pending/discord_spellcheck-1.zip: 53%
4/5/2025, 2:43:30 PM GMT+2 [Modules] Streaming discord_spellcheck@1 to /home/tmcooper/.config/discord/0.0.90/modules/pending/discord_spellcheck-1.zip: 54%
4/5/2025, 2:43:30 PM GMT+2 [Modules] Streaming discord_spellcheck@1 to /home/tmcooper/.config/discord/0.0.90/modules/pending/discord_spellcheck-1.zip: 55%
4/5/2025, 2:43:30 PM GMT+2 [Modules] Streaming discord_spellcheck@1 to /home/tmcooper/.config/discord/0.0.90/modules/pending/discord_spellcheck-1.zip: 56%
4/5/2025, 2:43:30 PM GMT+2 [Modules] Streaming discord_spellcheck@1 to /home/tmcooper/.config/discord/0.0.90/modules/pending/discord_spellcheck-1.zip: 57%
4/5/2025, 2:43:30 PM GMT+2 [Modules] Streaming discord_spellcheck@1 to /home/tmcooper/.config/discord/0.0.90/modules/pending/discord_spellcheck-1.zip: 58%
4/5/2025, 2:43:30 PM GMT+2 [Modules] Streaming discord_spellcheck@1 to /home/tmcooper/.config/discord/0.0.90/modules/pending/discord_spellcheck-1.zip: 59%
4/5/2025, 2:43:30 PM GMT+2 [Modules] Streaming discord_spellcheck@1 to /home/tmcooper/.config/discord/0.0.90/modules/pending/discord_spellcheck-1.zip: 60%
4/5/2025, 2:43:30 PM GMT+2 [Modules] Streaming discord_spellcheck@1 to /home/tmcooper/.config/discord/0.0.90/modules/pending/discord_spellcheck-1.zip: 61%
4/5/2025, 2:43:30 PM GMT+2 [Modules] Streaming discord_spellcheck@1 to /home/tmcooper/.config/discord/0.0.90/modules/pending/discord_spellcheck-1.zip: 62%
4/5/2025, 2:43:30 PM GMT+2 [Modules] Streaming discord_spellcheck@1 to /home/tmcooper/.config/discord/0.0.90/modules/pending/discord_spellcheck-1.zip: 63%
4/5/2025, 2:43:30 PM GMT+2 [Modules] Streaming discord_spellcheck@1 to /home/tmcooper/.config/discord/0.0.90/modules/pending/discord_spellcheck-1.zip: 64%
4/5/2025, 2:43:30 PM GMT+2 [Modules] Streaming discord_spellcheck@1 to /home/tmcooper/.config/discord/0.0.90/modules/pending/discord_spellcheck-1.zip: 65%
4/5/2025, 2:43:30 PM GMT+2 [Modules] Streaming discord_spellcheck@1 to /home/tmcooper/.config/discord/0.0.90/modules/pending/discord_spellcheck-1.zip: 66%
4/5/2025, 2:43:30 PM GMT+2 [Modules] Streaming discord_spellcheck@1 to /home/tmcooper/.config/discord/0.0.90/modules/pending/discord_spellcheck-1.zip: 67%
4/5/2025, 2:43:30 PM GMT+2 [Modules] Streaming discord_spellcheck@1 to /home/tmcooper/.config/discord/0.0.90/modules/pending/discord_spellcheck-1.zip: 68%
4/5/2025, 2:43:30 PM GMT+2 [Modules] Streaming discord_spellcheck@1 to /home/tmcooper/.config/discord/0.0.90/modules/pending/discord_spellcheck-1.zip: 69%
4/5/2025, 2:43:31 PM GMT+2 [Modules] Streaming discord_spellcheck@1 to /home/tmcooper/.config/discord/0.0.90/modules/pending/discord_spellcheck-1.zip: 70%
4/5/2025, 2:43:31 PM GMT+2 [Modules] Streaming discord_spellcheck@1 to /home/tmcooper/.config/discord/0.0.90/modules/pending/discord_spellcheck-1.zip: 71%
4/5/2025, 2:43:31 PM GMT+2 [Modules] Streaming discord_spellcheck@1 to /home/tmcooper/.config/discord/0.0.90/modules/pending/discord_spellcheck-1.zip: 72%
4/5/2025, 2:43:31 PM GMT+2 [Modules] Streaming discord_spellcheck@1 to /home/tmcooper/.config/discord/0.0.90/modules/pending/discord_spellcheck-1.zip: 73%
4/5/2025, 2:43:31 PM GMT+2 [Modules] Streaming discord_spellcheck@1 to /home/tmcooper/.config/discord/0.0.90/modules/pending/discord_spellcheck-1.zip: 74%
4/5/2025, 2:43:31 PM GMT+2 [Modules] Streaming discord_spellcheck@1 to /home/tmcooper/.config/discord/0.0.90/modules/pending/discord_spellcheck-1.zip: 75%
4/5/2025, 2:43:31 PM GMT+2 [Modules] Streaming discord_spellcheck@1 to /home/tmcooper/.config/discord/0.0.90/modules/pending/discord_spellcheck-1.zip: 76%
4/5/2025, 2:43:31 PM GMT+2 [Modules] Streaming discord_spellcheck@1 to /home/tmcooper/.config/discord/0.0.90/modules/pending/discord_spellcheck-1.zip: 77%
4/5/2025, 2:43:31 PM GMT+2 [Modules] Streaming discord_spellcheck@1 to /home/tmcooper/.config/discord/0.0.90/modules/pending/discord_spellcheck-1.zip: 78%
4/5/2025, 2:43:31 PM GMT+2 [Modules] Streaming discord_spellcheck@1 to /home/tmcooper/.config/discord/0.0.90/modules/pending/discord_spellcheck-1.zip: 79%
4/5/2025, 2:43:31 PM GMT+2 [Modules] Streaming discord_spellcheck@1 to /home/tmcooper/.config/discord/0.0.90/modules/pending/discord_spellcheck-1.zip: 80%
4/5/2025, 2:43:31 PM GMT+2 [Modules] Streaming discord_spellcheck@1 to /home/tmcooper/.config/discord/0.0.90/modules/pending/discord_spellcheck-1.zip: 81%
4/5/2025, 2:43:31 PM GMT+2 [Modules] Streaming discord_spellcheck@1 to /home/tmcooper/.config/discord/0.0.90/modules/pending/discord_spellcheck-1.zip: 82%
4/5/2025, 2:43:31 PM GMT+2 [Modules] Streaming discord_spellcheck@1 to /home/tmcooper/.config/discord/0.0.90/modules/pending/discord_spellcheck-1.zip: 83%
4/5/2025, 2:43:31 PM GMT+2 [Modules] Streaming discord_spellcheck@1 to /home/tmcooper/.config/discord/0.0.90/modules/pending/discord_spellcheck-1.zip: 84%
4/5/2025, 2:43:31 PM GMT+2 [Modules] Streaming discord_spellcheck@1 to /home/tmcooper/.config/discord/0.0.90/modules/pending/discord_spellcheck-1.zip: 85%
4/5/2025, 2:43:31 PM GMT+2 [Modules] Streaming discord_spellcheck@1 to /home/tmcooper/.config/discord/0.0.90/modules/pending/discord_spellcheck-1.zip: 86%
4/5/2025, 2:43:31 PM GMT+2 [Modules] Streaming discord_spellcheck@1 to /home/tmcooper/.config/discord/0.0.90/modules/pending/discord_spellcheck-1.zip: 87%
4/5/2025, 2:43:31 PM GMT+2 [Modules] Streaming discord_spellcheck@1 to /home/tmcooper/.config/discord/0.0.90/modules/pending/discord_spellcheck-1.zip: 88%
4/5/2025, 2:43:31 PM GMT+2 [Modules] Streaming discord_spellcheck@1 to /home/tmcooper/.config/discord/0.0.90/modules/pending/discord_spellcheck-1.zip: 89%
4/5/2025, 2:43:31 PM GMT+2 [Modules] Streaming discord_spellcheck@1 to /home/tmcooper/.config/discord/0.0.90/modules/pending/discord_spellcheck-1.zip: 90%
4/5/2025, 2:43:31 PM GMT+2 [Modules] Streaming discord_spellcheck@1 to /home/tmcooper/.config/discord/0.0.90/modules/pending/discord_spellcheck-1.zip: 91%
4/5/2025, 2:43:31 PM GMT+2 [Modules] Streaming discord_spellcheck@1 to /home/tmcooper/.config/discord/0.0.90/modules/pending/discord_spellcheck-1.zip: 92%
4/5/2025, 2:43:31 PM GMT+2 [Modules] Streaming discord_spellcheck@1 to /home/tmcooper/.config/discord/0.0.90/modules/pending/discord_spellcheck-1.zip: 93%
4/5/2025, 2:43:32 PM GMT+2 [Modules] Streaming discord_spellcheck@1 to /home/tmcooper/.config/discord/0.0.90/modules/pending/discord_spellcheck-1.zip: 94%
4/5/2025, 2:43:32 PM GMT+2 [Modules] Streaming discord_spellcheck@1 to /home/tmcooper/.config/discord/0.0.90/modules/pending/discord_spellcheck-1.zip: 95%
4/5/2025, 2:43:32 PM GMT+2 [Modules] Streaming discord_spellcheck@1 to /home/tmcooper/.config/discord/0.0.90/modules/pending/discord_spellcheck-1.zip: 96%
4/5/2025, 2:43:32 PM GMT+2 [Modules] Streaming discord_spellcheck@1 to /home/tmcooper/.config/discord/0.0.90/modules/pending/discord_spellcheck-1.zip: 97%
4/5/2025, 2:43:32 PM GMT+2 [Modules] Streaming discord_spellcheck@1 to /home/tmcooper/.config/discord/0.0.90/modules/pending/discord_spellcheck-1.zip: 98%
4/5/2025, 2:43:32 PM GMT+2 [Modules] Streaming discord_spellcheck@1 to /home/tmcooper/.config/discord/0.0.90/modules/pending/discord_spellcheck-1.zip: 99%
4/5/2025, 2:43:32 PM GMT+2 [Modules] Streaming discord_spellcheck@1 to /home/tmcooper/.config/discord/0.0.90/modules/pending/discord_spellcheck-1.zip: 100%
4/5/2025, 2:43:32 PM GMT+2 [Modules] Fetching discord_utils@1 from https://discord.com/api/modules/stable/discord_utils/1
4/5/2025, 2:43:32 PM GMT+2 [Modules] Streaming discord_utils@1 to /home/tmcooper/.config/discord/0.0.90/modules/pending/discord_utils-1.zip
4/5/2025, 2:43:32 PM GMT+2 [Modules] Streaming discord_utils@1 to /home/tmcooper/.config/discord/0.0.90/modules/pending/discord_utils-1.zip: 1%
4/5/2025, 2:43:32 PM GMT+2 [Modules] Streaming discord_utils@1 to /home/tmcooper/.config/discord/0.0.90/modules/pending/discord_utils-1.zip: 2%
4/5/2025, 2:43:32 PM GMT+2 [Modules] Streaming discord_utils@1 to /home/tmcooper/.config/discord/0.0.90/modules/pending/discord_utils-1.zip: 3%
4/5/2025, 2:43:32 PM GMT+2 [Modules] Streaming discord_utils@1 to /home/tmcooper/.config/discord/0.0.90/modules/pending/discord_utils-1.zip: 4%
4/5/2025, 2:43:32 PM GMT+2 [Modules] Streaming discord_utils@1 to /home/tmcooper/.config/discord/0.0.90/modules/pending/discord_utils-1.zip: 5%
4/5/2025, 2:43:32 PM GMT+2 [Modules] Streaming discord_utils@1 to /home/tmcooper/.config/discord/0.0.90/modules/pending/discord_utils-1.zip: 6%
4/5/2025, 2:43:32 PM GMT+2 [Modules] Streaming discord_utils@1 to /home/tmcooper/.config/discord/0.0.90/modules/pending/discord_utils-1.zip: 7%
4/5/2025, 2:43:32 PM GMT+2 [Modules] Streaming discord_utils@1 to /home/tmcooper/.config/discord/0.0.90/modules/pending/discord_utils-1.zip: 8%
4/5/2025, 2:43:32 PM GMT+2 [Modules] Streaming discord_utils@1 to /home/tmcooper/.config/discord/0.0.90/modules/pending/discord_utils-1.zip: 9%
4/5/2025, 2:43:32 PM GMT+2 [Modules] Streaming discord_utils@1 to /home/tmcooper/.config/discord/0.0.90/modules/pending/discord_utils-1.zip: 10%
4/5/2025, 2:43:32 PM GMT+2 [Modules] Streaming discord_utils@1 to /home/tmcooper/.config/discord/0.0.90/modules/pending/discord_utils-1.zip: 12%
4/5/2025, 2:43:32 PM GMT+2 [Modules] Streaming discord_utils@1 to /home/tmcooper/.config/discord/0.0.90/modules/pending/discord_utils-1.zip: 13%
4/5/2025, 2:43:32 PM GMT+2 [Modules] Streaming discord_utils@1 to /home/tmcooper/.config/discord/0.0.90/modules/pending/discord_utils-1.zip: 14%
4/5/2025, 2:43:32 PM GMT+2 [Modules] Streaming discord_utils@1 to /home/tmcooper/.config/discord/0.0.90/modules/pending/discord_utils-1.zip: 15%
4/5/2025, 2:43:32 PM GMT+2 [Modules] Streaming discord_utils@1 to /home/tmcooper/.config/discord/0.0.90/modules/pending/discord_utils-1.zip: 16%
4/5/2025, 2:43:32 PM GMT+2 [Modules] Streaming discord_utils@1 to /home/tmcooper/.config/discord/0.0.90/modules/pending/discord_utils-1.zip: 17%
4/5/2025, 2:43:32 PM GMT+2 [Modules] Streaming discord_utils@1 to /home/tmcooper/.config/discord/0.0.90/modules/pending/discord_utils-1.zip: 19%
4/5/2025, 2:43:32 PM GMT+2 [Modules] Streaming discord_utils@1 to /home/tmcooper/.config/discord/0.0.90/modules/pending/discord_utils-1.zip: 20%
4/5/2025, 2:43:32 PM GMT+2 [Modules] Streaming discord_utils@1 to /home/tmcooper/.config/discord/0.0.90/modules/pending/discord_utils-1.zip: 21%
4/5/2025, 2:43:33 PM GMT+2 [Modules] Streaming discord_utils@1 to /home/tmcooper/.config/discord/0.0.90/modules/pending/discord_utils-1.zip: 22%
4/5/2025, 2:43:33 PM GMT+2 [Modules] Streaming discord_utils@1 to /home/tmcooper/.config/discord/0.0.90/modules/pending/discord_utils-1.zip: 23%
4/5/2025, 2:43:33 PM GMT+2 [Modules] Streaming discord_utils@1 to /home/tmcooper/.config/discord/0.0.90/modules/pending/discord_utils-1.zip: 24%
4/5/2025, 2:43:33 PM GMT+2 [Modules] Streaming discord_utils@1 to /home/tmcooper/.config/discord/0.0.90/modules/pending/discord_utils-1.zip: 25%
4/5/2025, 2:43:33 PM GMT+2 [Modules] Streaming discord_utils@1 to /home/tmcooper/.config/discord/0.0.90/modules/pending/discord_utils-1.zip: 26%
4/5/2025, 2:43:33 PM GMT+2 [Modules] Streaming discord_utils@1 to /home/tmcooper/.config/discord/0.0.90/modules/pending/discord_utils-1.zip: 27%
4/5/2025, 2:43:33 PM GMT+2 [Modules] Streaming discord_utils@1 to /home/tmcooper/.config/discord/0.0.90/modules/pending/discord_utils-1.zip: 28%
4/5/2025, 2:43:33 PM GMT+2 [Modules] Streaming discord_utils@1 to /home/tmcooper/.config/discord/0.0.90/modules/pending/discord_utils-1.zip: 29%
4/5/2025, 2:43:33 PM GMT+2 [Modules] Streaming discord_utils@1 to /home/tmcooper/.config/discord/0.0.90/modules/pending/discord_utils-1.zip: 30%
4/5/2025, 2:43:33 PM GMT+2 [Modules] Streaming discord_utils@1 to /home/tmcooper/.config/discord/0.0.90/modules/pending/discord_utils-1.zip: 31%
4/5/2025, 2:43:33 PM GMT+2 [Modules] Streaming discord_utils@1 to /home/tmcooper/.config/discord/0.0.90/modules/pending/discord_utils-1.zip: 32%
4/5/2025, 2:43:33 PM GMT+2 [Modules] Streaming discord_utils@1 to /home/tmcooper/.config/discord/0.0.90/modules/pending/discord_utils-1.zip: 33%
4/5/2025, 2:43:33 PM GMT+2 [Modules] Streaming discord_utils@1 to /home/tmcooper/.config/discord/0.0.90/modules/pending/discord_utils-1.zip: 34%
4/5/2025, 2:43:33 PM GMT+2 [Modules] Streaming discord_utils@1 to /home/tmcooper/.config/discord/0.0.90/modules/pending/discord_utils-1.zip: 35%
4/5/2025, 2:43:33 PM GMT+2 [Modules] Streaming discord_utils@1 to /home/tmcooper/.config/discord/0.0.90/modules/pending/discord_utils-1.zip: 36%
4/5/2025, 2:43:33 PM GMT+2 [Modules] Streaming discord_utils@1 to /home/tmcooper/.config/discord/0.0.90/modules/pending/discord_utils-1.zip: 37%
4/5/2025, 2:43:33 PM GMT+2 [Modules] Streaming discord_utils@1 to /home/tmcooper/.config/discord/0.0.90/modules/pending/discord_utils-1.zip: 38%
4/5/2025, 2:43:33 PM GMT+2 [Modules] Streaming discord_utils@1 to /home/tmcooper/.config/discord/0.0.90/modules/pending/discord_utils-1.zip: 39%
4/5/2025, 2:43:33 PM GMT+2 [Modules] Streaming discord_utils@1 to /home/tmcooper/.config/discord/0.0.90/modules/pending/discord_utils-1.zip: 40%
4/5/2025, 2:43:33 PM GMT+2 [Modules] Streaming discord_utils@1 to /home/tmcooper/.config/discord/0.0.90/modules/pending/discord_utils-1.zip: 41%
4/5/2025, 2:43:33 PM GMT+2 [Modules] Streaming discord_utils@1 to /home/tmcooper/.config/discord/0.0.90/modules/pending/discord_utils-1.zip: 42%
4/5/2025, 2:43:33 PM GMT+2 [Modules] Streaming discord_utils@1 to /home/tmcooper/.config/discord/0.0.90/modules/pending/discord_utils-1.zip: 43%
4/5/2025, 2:43:33 PM GMT+2 [Modules] Streaming discord_utils@1 to /home/tmcooper/.config/discord/0.0.90/modules/pending/discord_utils-1.zip: 44%
4/5/2025, 2:43:33 PM GMT+2 [Modules] Streaming discord_utils@1 to /home/tmcooper/.config/discord/0.0.90/modules/pending/discord_utils-1.zip: 45%
4/5/2025, 2:43:33 PM GMT+2 [Modules] Streaming discord_utils@1 to /home/tmcooper/.config/discord/0.0.90/modules/pending/discord_utils-1.zip: 46%
4/5/2025, 2:43:33 PM GMT+2 [Modules] Streaming discord_utils@1 to /home/tmcooper/.config/discord/0.0.90/modules/pending/discord_utils-1.zip: 47%
4/5/2025, 2:43:33 PM GMT+2 [Modules] Streaming discord_utils@1 to /home/tmcooper/.config/discord/0.0.90/modules/pending/discord_utils-1.zip: 49%
4/5/2025, 2:43:33 PM GMT+2 [Modules] Streaming discord_utils@1 to /home/tmcooper/.config/discord/0.0.90/modules/pending/discord_utils-1.zip: 50%
4/5/2025, 2:43:33 PM GMT+2 [Modules] Streaming discord_utils@1 to /home/tmcooper/.config/discord/0.0.90/modules/pending/discord_utils-1.zip: 51%
4/5/2025, 2:43:33 PM GMT+2 [Modules] Streaming discord_utils@1 to /home/tmcooper/.config/discord/0.0.90/modules/pending/discord_utils-1.zip: 52%
4/5/2025, 2:43:33 PM GMT+2 [Modules] Streaming discord_utils@1 to /home/tmcooper/.config/discord/0.0.90/modules/pending/discord_utils-1.zip: 53%
4/5/2025, 2:43:33 PM GMT+2 [Modules] Streaming discord_utils@1 to /home/tmcooper/.config/discord/0.0.90/modules/pending/discord_utils-1.zip: 54%
4/5/2025, 2:43:33 PM GMT+2 [Modules] Streaming discord_utils@1 to /home/tmcooper/.config/discord/0.0.90/modules/pending/discord_utils-1.zip: 55%
4/5/2025, 2:43:33 PM GMT+2 [Modules] Streaming discord_utils@1 to /home/tmcooper/.config/discord/0.0.90/modules/pending/discord_utils-1.zip: 56%
4/5/2025, 2:43:33 PM GMT+2 [Modules] Streaming discord_utils@1 to /home/tmcooper/.config/discord/0.0.90/modules/pending/discord_utils-1.zip: 57%
4/5/2025, 2:43:33 PM GMT+2 [Modules] Streaming discord_utils@1 to /home/tmcooper/.config/discord/0.0.90/modules/pending/discord_utils-1.zip: 58%
4/5/2025, 2:43:33 PM GMT+2 [Modules] Streaming discord_utils@1 to /home/tmcooper/.config/discord/0.0.90/modules/pending/discord_utils-1.zip: 59%
4/5/2025, 2:43:33 PM GMT+2 [Modules] Streaming discord_utils@1 to /home/tmcooper/.config/discord/0.0.90/modules/pending/discord_utils-1.zip: 60%
4/5/2025, 2:43:33 PM GMT+2 [Modules] Streaming discord_utils@1 to /home/tmcooper/.config/discord/0.0.90/modules/pending/discord_utils-1.zip: 61%
4/5/2025, 2:43:33 PM GMT+2 [Modules] Streaming discord_utils@1 to /home/tmcooper/.config/discord/0.0.90/modules/pending/discord_utils-1.zip: 62%
4/5/2025, 2:43:33 PM GMT+2 [Modules] Streaming discord_utils@1 to /home/tmcooper/.config/discord/0.0.90/modules/pending/discord_utils-1.zip: 63%
4/5/2025, 2:43:33 PM GMT+2 [Modules] Streaming discord_utils@1 to /home/tmcooper/.config/discord/0.0.90/modules/pending/discord_utils-1.zip: 64%
4/5/2025, 2:43:33 PM GMT+2 [Modules] Streaming discord_utils@1 to /home/tmcooper/.config/discord/0.0.90/modules/pending/discord_utils-1.zip: 65%
4/5/2025, 2:43:33 PM GMT+2 [Modules] Streaming discord_utils@1 to /home/tmcooper/.config/discord/0.0.90/modules/pending/discord_utils-1.zip: 66%
4/5/2025, 2:43:33 PM GMT+2 [Modules] Streaming discord_utils@1 to /home/tmcooper/.config/discord/0.0.90/modules/pending/discord_utils-1.zip: 67%
4/5/2025, 2:43:33 PM GMT+2 [Modules] Streaming discord_utils@1 to /home/tmcooper/.config/discord/0.0.90/modules/pending/discord_utils-1.zip: 68%
4/5/2025, 2:43:33 PM GMT+2 [Modules] Streaming discord_utils@1 to /home/tmcooper/.config/discord/0.0.90/modules/pending/discord_utils-1.zip: 69%
4/5/2025, 2:43:33 PM GMT+2 [Modules] Streaming discord_utils@1 to /home/tmcooper/.config/discord/0.0.90/modules/pending/discord_utils-1.zip: 70%
4/5/2025, 2:43:33 PM GMT+2 [Modules] Streaming discord_utils@1 to /home/tmcooper/.config/discord/0.0.90/modules/pending/discord_utils-1.zip: 71%
4/5/2025, 2:43:33 PM GMT+2 [Modules] Streaming discord_utils@1 to /home/tmcooper/.config/discord/0.0.90/modules/pending/discord_utils-1.zip: 73%
4/5/2025, 2:43:33 PM GMT+2 [Modules] Streaming discord_utils@1 to /home/tmcooper/.config/discord/0.0.90/modules/pending/discord_utils-1.zip: 74%
4/5/2025, 2:43:33 PM GMT+2 [Modules] Streaming discord_utils@1 to /home/tmcooper/.config/discord/0.0.90/modules/pending/discord_utils-1.zip: 75%
4/5/2025, 2:43:33 PM GMT+2 [Modules] Streaming discord_utils@1 to /home/tmcooper/.config/discord/0.0.90/modules/pending/discord_utils-1.zip: 76%
4/5/2025, 2:43:33 PM GMT+2 [Modules] Streaming discord_utils@1 to /home/tmcooper/.config/discord/0.0.90/modules/pending/discord_utils-1.zip: 77%
4/5/2025, 2:43:33 PM GMT+2 [Modules] Streaming discord_utils@1 to /home/tmcooper/.config/discord/0.0.90/modules/pending/discord_utils-1.zip: 78%
4/5/2025, 2:43:33 PM GMT+2 [Modules] Streaming discord_utils@1 to /home/tmcooper/.config/discord/0.0.90/modules/pending/discord_utils-1.zip: 79%
4/5/2025, 2:43:33 PM GMT+2 [Modules] Streaming discord_utils@1 to /home/tmcooper/.config/discord/0.0.90/modules/pending/discord_utils-1.zip: 80%
4/5/2025, 2:43:33 PM GMT+2 [Modules] Streaming discord_utils@1 to /home/tmcooper/.config/discord/0.0.90/modules/pending/discord_utils-1.zip: 81%
4/5/2025, 2:43:33 PM GMT+2 [Modules] Streaming discord_utils@1 to /home/tmcooper/.config/discord/0.0.90/modules/pending/discord_utils-1.zip: 82%
4/5/2025, 2:43:33 PM GMT+2 [Modules] Streaming discord_utils@1 to /home/tmcooper/.config/discord/0.0.90/modules/pending/discord_utils-1.zip: 83%
4/5/2025, 2:43:33 PM GMT+2 [Modules] Streaming discord_utils@1 to /home/tmcooper/.config/discord/0.0.90/modules/pending/discord_utils-1.zip: 84%
4/5/2025, 2:43:33 PM GMT+2 [Modules] Streaming discord_utils@1 to /home/tmcooper/.config/discord/0.0.90/modules/pending/discord_utils-1.zip: 85%
4/5/2025, 2:43:33 PM GMT+2 [Modules] Streaming discord_utils@1 to /home/tmcooper/.config/discord/0.0.90/modules/pending/discord_utils-1.zip: 86%
4/5/2025, 2:43:33 PM GMT+2 [Modules] Streaming discord_utils@1 to /home/tmcooper/.config/discord/0.0.90/modules/pending/discord_utils-1.zip: 87%
4/5/2025, 2:43:33 PM GMT+2 [Modules] Streaming discord_utils@1 to /home/tmcooper/.config/discord/0.0.90/modules/pending/discord_utils-1.zip: 88%
4/5/2025, 2:43:33 PM GMT+2 [Modules] Streaming discord_utils@1 to /home/tmcooper/.config/discord/0.0.90/modules/pending/discord_utils-1.zip: 89%
4/5/2025, 2:43:33 PM GMT+2 [Modules] Streaming discord_utils@1 to /home/tmcooper/.config/discord/0.0.90/modules/pending/discord_utils-1.zip: 90%
4/5/2025, 2:43:33 PM GMT+2 [Modules] Streaming discord_utils@1 to /home/tmcooper/.config/discord/0.0.90/modules/pending/discord_utils-1.zip: 91%
4/5/2025, 2:43:33 PM GMT+2 [Modules] Streaming discord_utils@1 to /home/tmcooper/.config/discord/0.0.90/modules/pending/discord_utils-1.zip: 92%
4/5/2025, 2:43:33 PM GMT+2 [Modules] Streaming discord_utils@1 to /home/tmcooper/.config/discord/0.0.90/modules/pending/discord_utils-1.zip: 93%
4/5/2025, 2:43:33 PM GMT+2 [Modules] Streaming discord_utils@1 to /home/tmcooper/.config/discord/0.0.90/modules/pending/discord_utils-1.zip: 95%
4/5/2025, 2:43:33 PM GMT+2 [Modules] Streaming discord_utils@1 to /home/tmcooper/.config/discord/0.0.90/modules/pending/discord_utils-1.zip: 96%
4/5/2025, 2:43:33 PM GMT+2 [Modules] Streaming discord_utils@1 to /home/tmcooper/.config/discord/0.0.90/modules/pending/discord_utils-1.zip: 97%
4/5/2025, 2:43:33 PM GMT+2 [Modules] Streaming discord_utils@1 to /home/tmcooper/.config/discord/0.0.90/modules/pending/discord_utils-1.zip: 98%
4/5/2025, 2:43:33 PM GMT+2 [Modules] Streaming discord_utils@1 to /home/tmcooper/.config/discord/0.0.90/modules/pending/discord_utils-1.zip: 99%
4/5/2025, 2:43:33 PM GMT+2 [Modules] Streaming discord_utils@1 to /home/tmcooper/.config/discord/0.0.90/modules/pending/discord_utils-1.zip: 100%
4/5/2025, 2:43:33 PM GMT+2 [Modules] Fetching discord_voice@1 from https://discord.com/api/modules/stable/discord_voice/1
4/5/2025, 2:43:33 PM GMT+2 [Modules] Streaming discord_voice@1 to /home/tmcooper/.config/discord/0.0.90/modules/pending/discord_voice-1.zip
4/5/2025, 2:43:34 PM GMT+2 [Modules] Streaming discord_voice@1 to /home/tmcooper/.config/discord/0.0.90/modules/pending/discord_voice-1.zip: 1%
4/5/2025, 2:43:34 PM GMT+2 [Modules] Streaming discord_voice@1 to /home/tmcooper/.config/discord/0.0.90/modules/pending/discord_voice-1.zip: 2%
4/5/2025, 2:43:34 PM GMT+2 [Modules] Streaming discord_voice@1 to /home/tmcooper/.config/discord/0.0.90/modules/pending/discord_voice-1.zip: 3%
4/5/2025, 2:43:34 PM GMT+2 [Modules] Streaming discord_voice@1 to /home/tmcooper/.config/discord/0.0.90/modules/pending/discord_voice-1.zip: 4%
4/5/2025, 2:43:34 PM GMT+2 [Modules] Streaming discord_voice@1 to /home/tmcooper/.config/discord/0.0.90/modules/pending/discord_voice-1.zip: 5%
4/5/2025, 2:43:35 PM GMT+2 [Modules] Streaming discord_voice@1 to /home/tmcooper/.config/discord/0.0.90/modules/pending/discord_voice-1.zip: 6%
4/5/2025, 2:43:35 PM GMT+2 [Modules] Streaming discord_voice@1 to /home/tmcooper/.config/discord/0.0.90/modules/pending/discord_voice-1.zip: 7%
4/5/2025, 2:43:35 PM GMT+2 [Modules] Streaming discord_voice@1 to /home/tmcooper/.config/discord/0.0.90/modules/pending/discord_voice-1.zip: 8%
4/5/2025, 2:43:35 PM GMT+2 [Modules] Streaming discord_voice@1 to /home/tmcooper/.config/discord/0.0.90/modules/pending/discord_voice-1.zip: 9%
4/5/2025, 2:43:35 PM GMT+2 [Modules] Streaming discord_voice@1 to /home/tmcooper/.config/discord/0.0.90/modules/pending/discord_voice-1.zip: 10%
4/5/2025, 2:43:35 PM GMT+2 [Modules] Streaming discord_voice@1 to /home/tmcooper/.config/discord/0.0.90/modules/pending/discord_voice-1.zip: 11%
4/5/2025, 2:43:35 PM GMT+2 [Modules] Streaming discord_voice@1 to /home/tmcooper/.config/discord/0.0.90/modules/pending/discord_voice-1.zip: 12%
4/5/2025, 2:43:35 PM GMT+2 [Modules] Streaming discord_voice@1 to /home/tmcooper/.config/discord/0.0.90/modules/pending/discord_voice-1.zip: 13%
4/5/2025, 2:43:35 PM GMT+2 [Modules] Streaming discord_voice@1 to /home/tmcooper/.config/discord/0.0.90/modules/pending/discord_voice-1.zip: 14%
4/5/2025, 2:43:35 PM GMT+2 [Modules] Streaming discord_voice@1 to /home/tmcooper/.config/discord/0.0.90/modules/pending/discord_voice-1.zip: 15%
4/5/2025, 2:43:36 PM GMT+2 [Modules] Streaming discord_voice@1 to /home/tmcooper/.config/discord/0.0.90/modules/pending/discord_voice-1.zip: 16%
4/5/2025, 2:43:36 PM GMT+2 [Modules] Streaming discord_voice@1 to /home/tmcooper/.config/discord/0.0.90/modules/pending/discord_voice-1.zip: 17%
4/5/2025, 2:43:36 PM GMT+2 [Modules] Streaming discord_voice@1 to /home/tmcooper/.config/discord/0.0.90/modules/pending/discord_voice-1.zip: 18%
4/5/2025, 2:43:36 PM GMT+2 [Modules] Streaming discord_voice@1 to /home/tmcooper/.config/discord/0.0.90/modules/pending/discord_voice-1.zip: 19%
4/5/2025, 2:43:36 PM GMT+2 [Modules] Streaming discord_voice@1 to /home/tmcooper/.config/discord/0.0.90/modules/pending/discord_voice-1.zip: 20%
4/5/2025, 2:43:36 PM GMT+2 [Modules] Streaming discord_voice@1 to /home/tmcooper/.config/discord/0.0.90/modules/pending/discord_voice-1.zip: 21%
4/5/2025, 2:43:36 PM GMT+2 [Modules] Streaming discord_voice@1 to /home/tmcooper/.config/discord/0.0.90/modules/pending/discord_voice-1.zip: 22%
4/5/2025, 2:43:36 PM GMT+2 [Modules] Streaming discord_voice@1 to /home/tmcooper/.config/discord/0.0.90/modules/pending/discord_voice-1.zip: 23%
4/5/2025, 2:43:36 PM GMT+2 [Modules] Streaming discord_voice@1 to /home/tmcooper/.config/discord/0.0.90/modules/pending/discord_voice-1.zip: 24%
4/5/2025, 2:43:36 PM GMT+2 [Modules] Streaming discord_voice@1 to /home/tmcooper/.config/discord/0.0.90/modules/pending/discord_voice-1.zip: 25%
4/5/2025, 2:43:36 PM GMT+2 [Modules] Streaming discord_voice@1 to /home/tmcooper/.config/discord/0.0.90/modules/pending/discord_voice-1.zip: 26%
4/5/2025, 2:43:37 PM GMT+2 [Modules] Streaming discord_voice@1 to /home/tmcooper/.config/discord/0.0.90/modules/pending/discord_voice-1.zip: 27%
4/5/2025, 2:43:37 PM GMT+2 [Modules] Streaming discord_voice@1 to /home/tmcooper/.config/discord/0.0.90/modules/pending/discord_voice-1.zip: 28%
4/5/2025, 2:43:37 PM GMT+2 [Modules] Streaming discord_voice@1 to /home/tmcooper/.config/discord/0.0.90/modules/pending/discord_voice-1.zip: 29%
4/5/2025, 2:43:37 PM GMT+2 [Modules] Streaming discord_voice@1 to /home/tmcooper/.config/discord/0.0.90/modules/pending/discord_voice-1.zip: 30%
4/5/2025, 2:43:37 PM GMT+2 [Modules] Streaming discord_voice@1 to /home/tmcooper/.config/discord/0.0.90/modules/pending/discord_voice-1.zip: 31%
4/5/2025, 2:43:37 PM GMT+2 [Modules] Streaming discord_voice@1 to /home/tmcooper/.config/discord/0.0.90/modules/pending/discord_voice-1.zip: 32%
4/5/2025, 2:43:38 PM GMT+2 [Modules] Streaming discord_voice@1 to /home/tmcooper/.config/discord/0.0.90/modules/pending/discord_voice-1.zip: 33%
4/5/2025, 2:43:38 PM GMT+2 [Modules] Streaming discord_voice@1 to /home/tmcooper/.config/discord/0.0.90/modules/pending/discord_voice-1.zip: 34%
4/5/2025, 2:43:38 PM GMT+2 [Modules] Streaming discord_voice@1 to /home/tmcooper/.config/discord/0.0.90/modules/pending/discord_voice-1.zip: 35%
4/5/2025, 2:43:38 PM GMT+2 [Modules] Streaming discord_voice@1 to /home/tmcooper/.config/discord/0.0.90/modules/pending/discord_voice-1.zip: 36%
4/5/2025, 2:43:38 PM GMT+2 [Modules] Streaming discord_voice@1 to /home/tmcooper/.config/discord/0.0.90/modules/pending/discord_voice-1.zip: 37%
4/5/2025, 2:43:38 PM GMT+2 [Modules] Streaming discord_voice@1 to /home/tmcooper/.config/discord/0.0.90/modules/pending/discord_voice-1.zip: 38%
4/5/2025, 2:43:38 PM GMT+2 [Modules] Streaming discord_voice@1 to /home/tmcooper/.config/discord/0.0.90/modules/pending/discord_voice-1.zip: 39%
4/5/2025, 2:43:38 PM GMT+2 [Modules] Streaming discord_voice@1 to /home/tmcooper/.config/discord/0.0.90/modules/pending/discord_voice-1.zip: 40%
4/5/2025, 2:43:38 PM GMT+2 [Modules] Streaming discord_voice@1 to /home/tmcooper/.config/discord/0.0.90/modules/pending/discord_voice-1.zip: 41%
4/5/2025, 2:43:38 PM GMT+2 [Modules] Streaming discord_voice@1 to /home/tmcooper/.config/discord/0.0.90/modules/pending/discord_voice-1.zip: 42%
4/5/2025, 2:43:39 PM GMT+2 [Modules] Streaming discord_voice@1 to /home/tmcooper/.config/discord/0.0.90/modules/pending/discord_voice-1.zip: 43%
4/5/2025, 2:43:39 PM GMT+2 [Modules] Streaming discord_voice@1 to /home/tmcooper/.config/discord/0.0.90/modules/pending/discord_voice-1.zip: 44%
4/5/2025, 2:43:39 PM GMT+2 [Modules] Streaming discord_voice@1 to /home/tmcooper/.config/discord/0.0.90/modules/pending/discord_voice-1.zip: 45%
4/5/2025, 2:43:39 PM GMT+2 [Modules] Streaming discord_voice@1 to /home/tmcooper/.config/discord/0.0.90/modules/pending/discord_voice-1.zip: 46%
4/5/2025, 2:43:39 PM GMT+2 [Modules] Streaming discord_voice@1 to /home/tmcooper/.config/discord/0.0.90/modules/pending/discord_voice-1.zip: 47%
4/5/2025, 2:43:39 PM GMT+2 [Modules] Streaming discord_voice@1 to /home/tmcooper/.config/discord/0.0.90/modules/pending/discord_voice-1.zip: 48%
4/5/2025, 2:43:39 PM GMT+2 [Modules] Streaming discord_voice@1 to /home/tmcooper/.config/discord/0.0.90/modules/pending/discord_voice-1.zip: 49%
4/5/2025, 2:43:39 PM GMT+2 [Modules] Streaming discord_voice@1 to /home/tmcooper/.config/discord/0.0.90/modules/pending/discord_voice-1.zip: 50%
4/5/2025, 2:43:39 PM GMT+2 [Modules] Streaming discord_voice@1 to /home/tmcooper/.config/discord/0.0.90/modules/pending/discord_voice-1.zip: 51%
4/5/2025, 2:43:39 PM GMT+2 [Modules] Streaming discord_voice@1 to /home/tmcooper/.config/discord/0.0.90/modules/pending/discord_voice-1.zip: 52%
4/5/2025, 2:43:39 PM GMT+2 [Modules] Streaming discord_voice@1 to /home/tmcooper/.config/discord/0.0.90/modules/pending/discord_voice-1.zip: 53%
4/5/2025, 2:43:40 PM GMT+2 [Modules] Streaming discord_voice@1 to /home/tmcooper/.config/discord/0.0.90/modules/pending/discord_voice-1.zip: 54%
4/5/2025, 2:43:40 PM GMT+2 [Modules] Streaming discord_voice@1 to /home/tmcooper/.config/discord/0.0.90/modules/pending/discord_voice-1.zip: 55%
4/5/2025, 2:43:40 PM GMT+2 [Modules] Streaming discord_voice@1 to /home/tmcooper/.config/discord/0.0.90/modules/pending/discord_voice-1.zip: 56%
4/5/2025, 2:43:40 PM GMT+2 [Modules] Streaming discord_voice@1 to /home/tmcooper/.config/discord/0.0.90/modules/pending/discord_voice-1.zip: 57%
4/5/2025, 2:43:40 PM GMT+2 [Modules] Streaming discord_voice@1 to /home/tmcooper/.config/discord/0.0.90/modules/pending/discord_voice-1.zip: 58%
4/5/2025, 2:43:40 PM GMT+2 [Modules] Streaming discord_voice@1 to /home/tmcooper/.config/discord/0.0.90/modules/pending/discord_voice-1.zip: 59%
4/5/2025, 2:43:41 PM GMT+2 [Modules] Streaming discord_voice@1 to /home/tmcooper/.config/discord/0.0.90/modules/pending/discord_voice-1.zip: 60%
4/5/2025, 2:43:41 PM GMT+2 [Modules] Streaming discord_voice@1 to /home/tmcooper/.config/discord/0.0.90/modules/pending/discord_voice-1.zip: 61%
4/5/2025, 2:43:41 PM GMT+2 [Modules] Streaming discord_voice@1 to /home/tmcooper/.config/discord/0.0.90/modules/pending/discord_voice-1.zip: 62%
4/5/2025, 2:43:41 PM GMT+2 [Modules] Streaming discord_voice@1 to /home/tmcooper/.config/discord/0.0.90/modules/pending/discord_voice-1.zip: 63%
4/5/2025, 2:43:41 PM GMT+2 [Modules] Streaming discord_voice@1 to /home/tmcooper/.config/discord/0.0.90/modules/pending/discord_voice-1.zip: 64%
4/5/2025, 2:43:41 PM GMT+2 [Modules] Streaming discord_voice@1 to /home/tmcooper/.config/discord/0.0.90/modules/pending/discord_voice-1.zip: 65%
4/5/2025, 2:43:41 PM GMT+2 [Modules] Streaming discord_voice@1 to /home/tmcooper/.config/discord/0.0.90/modules/pending/discord_voice-1.zip: 66%
4/5/2025, 2:43:41 PM GMT+2 [Modules] Streaming discord_voice@1 to /home/tmcooper/.config/discord/0.0.90/modules/pending/discord_voice-1.zip: 67%
4/5/2025, 2:43:42 PM GMT+2 [Modules] Streaming discord_voice@1 to /home/tmcooper/.config/discord/0.0.90/modules/pending/discord_voice-1.zip: 68%
4/5/2025, 2:43:42 PM GMT+2 [Modules] Streaming discord_voice@1 to /home/tmcooper/.config/discord/0.0.90/modules/pending/discord_voice-1.zip: 69%
4/5/2025, 2:43:42 PM GMT+2 [Modules] Streaming discord_voice@1 to /home/tmcooper/.config/discord/0.0.90/modules/pending/discord_voice-1.zip: 70%
4/5/2025, 2:43:42 PM GMT+2 [Modules] Streaming discord_voice@1 to /home/tmcooper/.config/discord/0.0.90/modules/pending/discord_voice-1.zip: 71%
4/5/2025, 2:43:42 PM GMT+2 [Modules] Streaming discord_voice@1 to /home/tmcooper/.config/discord/0.0.90/modules/pending/discord_voice-1.zip: 72%
4/5/2025, 2:43:42 PM GMT+2 [Modules] Streaming discord_voice@1 to /home/tmcooper/.config/discord/0.0.90/modules/pending/discord_voice-1.zip: 73%
4/5/2025, 2:43:42 PM GMT+2 [Modules] Streaming discord_voice@1 to /home/tmcooper/.config/discord/0.0.90/modules/pending/discord_voice-1.zip: 74%
4/5/2025, 2:43:42 PM GMT+2 [Modules] Streaming discord_voice@1 to /home/tmcooper/.config/discord/0.0.90/modules/pending/discord_voice-1.zip: 75%
4/5/2025, 2:43:42 PM GMT+2 [Modules] Streaming discord_voice@1 to /home/tmcooper/.config/discord/0.0.90/modules/pending/discord_voice-1.zip: 76%
4/5/2025, 2:43:43 PM GMT+2 [Modules] Streaming discord_voice@1 to /home/tmcooper/.config/discord/0.0.90/modules/pending/discord_voice-1.zip: 77%
4/5/2025, 2:43:43 PM GMT+2 [Modules] Streaming discord_voice@1 to /home/tmcooper/.config/discord/0.0.90/modules/pending/discord_voice-1.zip: 78%
4/5/2025, 2:43:43 PM GMT+2 [Modules] Streaming discord_voice@1 to /home/tmcooper/.config/discord/0.0.90/modules/pending/discord_voice-1.zip: 79%
4/5/2025, 2:43:43 PM GMT+2 [Modules] Streaming discord_voice@1 to /home/tmcooper/.config/discord/0.0.90/modules/pending/discord_voice-1.zip: 80%
4/5/2025, 2:43:43 PM GMT+2 [Modules] Streaming discord_voice@1 to /home/tmcooper/.config/discord/0.0.90/modules/pending/discord_voice-1.zip: 81%
4/5/2025, 2:43:43 PM GMT+2 [Modules] Streaming discord_voice@1 to /home/tmcooper/.config/discord/0.0.90/modules/pending/discord_voice-1.zip: 82%
4/5/2025, 2:43:43 PM GMT+2 [Modules] Streaming discord_voice@1 to /home/tmcooper/.config/discord/0.0.90/modules/pending/discord_voice-1.zip: 83%
4/5/2025, 2:43:43 PM GMT+2 [Modules] Streaming discord_voice@1 to /home/tmcooper/.config/discord/0.0.90/modules/pending/discord_voice-1.zip: 84%
4/5/2025, 2:43:44 PM GMT+2 [Modules] Streaming discord_voice@1 to /home/tmcooper/.config/discord/0.0.90/modules/pending/discord_voice-1.zip: 85%
4/5/2025, 2:43:44 PM GMT+2 [Modules] Streaming discord_voice@1 to /home/tmcooper/.config/discord/0.0.90/modules/pending/discord_voice-1.zip: 86%
4/5/2025, 2:43:44 PM GMT+2 [Modules] Streaming discord_voice@1 to /home/tmcooper/.config/discord/0.0.90/modules/pending/discord_voice-1.zip: 87%
4/5/2025, 2:43:44 PM GMT+2 [Modules] Streaming discord_voice@1 to /home/tmcooper/.config/discord/0.0.90/modules/pending/discord_voice-1.zip: 88%
4/5/2025, 2:43:44 PM GMT+2 [Modules] Streaming discord_voice@1 to /home/tmcooper/.config/discord/0.0.90/modules/pending/discord_voice-1.zip: 89%
4/5/2025, 2:43:44 PM GMT+2 [Modules] Streaming discord_voice@1 to /home/tmcooper/.config/discord/0.0.90/modules/pending/discord_voice-1.zip: 90%
4/5/2025, 2:43:44 PM GMT+2 [Modules] Streaming discord_voice@1 to /home/tmcooper/.config/discord/0.0.90/modules/pending/discord_voice-1.zip: 91%
4/5/2025, 2:43:44 PM GMT+2 [Modules] Streaming discord_voice@1 to /home/tmcooper/.config/discord/0.0.90/modules/pending/discord_voice-1.zip: 92%
4/5/2025, 2:43:44 PM GMT+2 [Modules] Streaming discord_voice@1 to /home/tmcooper/.config/discord/0.0.90/modules/pending/discord_voice-1.zip: 93%
4/5/2025, 2:43:44 PM GMT+2 [Modules] Streaming discord_voice@1 to /home/tmcooper/.config/discord/0.0.90/modules/pending/discord_voice-1.zip: 94%
4/5/2025, 2:43:45 PM GMT+2 [Modules] Streaming discord_voice@1 to /home/tmcooper/.config/discord/0.0.90/modules/pending/discord_voice-1.zip: 95%
4/5/2025, 2:43:45 PM GMT+2 [Modules] Streaming discord_voice@1 to /home/tmcooper/.config/discord/0.0.90/modules/pending/discord_voice-1.zip: 96%
4/5/2025, 2:43:45 PM GMT+2 [Modules] Streaming discord_voice@1 to /home/tmcooper/.config/discord/0.0.90/modules/pending/discord_voice-1.zip: 97%
4/5/2025, 2:43:45 PM GMT+2 [Modules] Streaming discord_voice@1 to /home/tmcooper/.config/discord/0.0.90/modules/pending/discord_voice-1.zip: 98%
4/5/2025, 2:43:45 PM GMT+2 [Modules] Streaming discord_voice@1 to /home/tmcooper/.config/discord/0.0.90/modules/pending/discord_voice-1.zip: 99%
4/5/2025, 2:43:46 PM GMT+2 [Modules] Streaming discord_voice@1 to /home/tmcooper/.config/discord/0.0.90/modules/pending/discord_voice-1.zip: 100%
4/5/2025, 2:43:46 PM GMT+2 [Modules] Fetching discord_zstd@1 from https://discord.com/api/modules/stable/discord_zstd/1
4/5/2025, 2:43:46 PM GMT+2 [Modules] Streaming discord_zstd@1 to /home/tmcooper/.config/discord/0.0.90/modules/pending/discord_zstd-1.zip
4/5/2025, 2:43:46 PM GMT+2 [Modules] Streaming discord_zstd@1 to /home/tmcooper/.config/discord/0.0.90/modules/pending/discord_zstd-1.zip: 3%
4/5/2025, 2:43:46 PM GMT+2 [Modules] Streaming discord_zstd@1 to /home/tmcooper/.config/discord/0.0.90/modules/pending/discord_zstd-1.zip: 4%
4/5/2025, 2:43:46 PM GMT+2 [Modules] Streaming discord_zstd@1 to /home/tmcooper/.config/discord/0.0.90/modules/pending/discord_zstd-1.zip: 12%
4/5/2025, 2:43:46 PM GMT+2 [Modules] Streaming discord_zstd@1 to /home/tmcooper/.config/discord/0.0.90/modules/pending/discord_zstd-1.zip: 13%
4/5/2025, 2:43:46 PM GMT+2 [Modules] Streaming discord_zstd@1 to /home/tmcooper/.config/discord/0.0.90/modules/pending/discord_zstd-1.zip: 16%
4/5/2025, 2:43:46 PM GMT+2 [Modules] Streaming discord_zstd@1 to /home/tmcooper/.config/discord/0.0.90/modules/pending/discord_zstd-1.zip: 26%
4/5/2025, 2:43:46 PM GMT+2 [Modules] Streaming discord_zstd@1 to /home/tmcooper/.config/discord/0.0.90/modules/pending/discord_zstd-1.zip: 37%
4/5/2025, 2:43:46 PM GMT+2 [Modules] Streaming discord_zstd@1 to /home/tmcooper/.config/discord/0.0.90/modules/pending/discord_zstd-1.zip: 42%
4/5/2025, 2:43:46 PM GMT+2 [Modules] Streaming discord_zstd@1 to /home/tmcooper/.config/discord/0.0.90/modules/pending/discord_zstd-1.zip: 51%
4/5/2025, 2:43:46 PM GMT+2 [Modules] Streaming discord_zstd@1 to /home/tmcooper/.config/discord/0.0.90/modules/pending/discord_zstd-1.zip: 57%
4/5/2025, 2:43:46 PM GMT+2 [Modules] Streaming discord_zstd@1 to /home/tmcooper/.config/discord/0.0.90/modules/pending/discord_zstd-1.zip: 61%
4/5/2025, 2:43:46 PM GMT+2 [Modules] Streaming discord_zstd@1 to /home/tmcooper/.config/discord/0.0.90/modules/pending/discord_zstd-1.zip: 76%
4/5/2025, 2:43:46 PM GMT+2 [Modules] Streaming discord_zstd@1 to /home/tmcooper/.config/discord/0.0.90/modules/pending/discord_zstd-1.zip: 81%
4/5/2025, 2:43:46 PM GMT+2 [Modules] Streaming discord_zstd@1 to /home/tmcooper/.config/discord/0.0.90/modules/pending/discord_zstd-1.zip: 89%
4/5/2025, 2:43:46 PM GMT+2 [Modules] Streaming discord_zstd@1 to /home/tmcooper/.config/discord/0.0.90/modules/pending/discord_zstd-1.zip: 91%
4/5/2025, 2:43:46 PM GMT+2 [Modules] Streaming discord_zstd@1 to /home/tmcooper/.config/discord/0.0.90/modules/pending/discord_zstd-1.zip: 98%
4/5/2025, 2:43:46 PM GMT+2 [Modules] Streaming discord_zstd@1 to /home/tmcooper/.config/discord/0.0.90/modules/pending/discord_zstd-1.zip: 100%
4/5/2025, 2:43:46 PM GMT+2 [Modules] Finished module downloads. [success: 6] [failure: 0]
4/5/2025, 2:43:46 PM GMT+2 [Modules] Installing updates...
4/5/2025, 2:43:46 PM GMT+2 [Modules] Installing discord_desktop_core@1 from /home/tmcooper/.config/discord/0.0.90/modules/pending/discord_desktop_core-1.zip
4/5/2025, 2:43:46 PM GMT+2 [Modules] Installing discord_erlpack@1 from /home/tmcooper/.config/discord/0.0.90/modules/pending/discord_erlpack-1.zip
4/5/2025, 2:43:46 PM GMT+2 [Modules] Installing discord_spellcheck@1 from /home/tmcooper/.config/discord/0.0.90/modules/pending/discord_spellcheck-1.zip
4/5/2025, 2:43:48 PM GMT+2 [Modules] Installing discord_utils@1 from /home/tmcooper/.config/discord/0.0.90/modules/pending/discord_utils-1.zip
4/5/2025, 2:43:48 PM GMT+2 [Modules] Installing discord_voice@1 from /home/tmcooper/.config/discord/0.0.90/modules/pending/discord_voice-1.zip
4/5/2025, 2:43:50 PM GMT+2 [Modules] Installing discord_zstd@1 from /home/tmcooper/.config/discord/0.0.90/modules/pending/discord_zstd-1.zip
4/5/2025, 2:43:50 PM GMT+2 [Modules] Finished module installations. [success: 6] [failure: 0]
4/5/2025, 2:43:50 PM GMT+2 [Modules] Checking for host updates.
4/5/2025, 2:43:50 PM GMT+2 [Modules] Host is up to date.
4/5/2025, 2:43:50 PM GMT+2 [Modules] Checking for module updates at https://discord.com/api/modules/stable/versions.json
4/5/2025, 2:43:50 PM GMT+2 [Modules] No module updates available.
4/5/2025, 2:43:53 PM GMT+2 [Modules] Starting to install discord_krisp...
4/5/2025, 2:43:53 PM GMT+2 [Modules] Fetching discord_krisp@1 from https://discord.com/api/modules/stable/discord_krisp/1
4/5/2025, 2:43:53 PM GMT+2 [Modules] Streaming discord_krisp@1 to /home/tmcooper/.config/discord/0.0.90/modules/pending/discord_krisp-1.zip
4/5/2025, 2:43:53 PM GMT+2 [Modules] Starting to install discord_game_utils...
4/5/2025, 2:43:54 PM GMT+2 [Modules] Streaming discord_krisp@1 to /home/tmcooper/.config/discord/0.0.90/modules/pending/discord_krisp-1.zip: 1%
4/5/2025, 2:43:54 PM GMT+2 [Modules] Streaming discord_krisp@1 to /home/tmcooper/.config/discord/0.0.90/modules/pending/discord_krisp-1.zip: 2%
4/5/2025, 2:43:54 PM GMT+2 [Modules] Streaming discord_krisp@1 to /home/tmcooper/.config/discord/0.0.90/modules/pending/discord_krisp-1.zip: 3%
4/5/2025, 2:43:54 PM GMT+2 [Modules] Streaming discord_krisp@1 to /home/tmcooper/.config/discord/0.0.90/modules/pending/discord_krisp-1.zip: 4%
4/5/2025, 2:43:54 PM GMT+2 [Modules] Streaming discord_krisp@1 to /home/tmcooper/.config/discord/0.0.90/modules/pending/discord_krisp-1.zip: 5%
4/5/2025, 2:43:55 PM GMT+2 [Modules] Streaming discord_krisp@1 to /home/tmcooper/.config/discord/0.0.90/modules/pending/discord_krisp-1.zip: 6%
4/5/2025, 2:43:55 PM GMT+2 [Modules] Streaming discord_krisp@1 to /home/tmcooper/.config/discord/0.0.90/modules/pending/discord_krisp-1.zip: 7%
4/5/2025, 2:43:55 PM GMT+2 [Modules] Streaming discord_krisp@1 to /home/tmcooper/.config/discord/0.0.90/modules/pending/discord_krisp-1.zip: 8%
4/5/2025, 2:43:55 PM GMT+2 [Modules] Streaming discord_krisp@1 to /home/tmcooper/.config/discord/0.0.90/modules/pending/discord_krisp-1.zip: 9%
4/5/2025, 2:43:55 PM GMT+2 [Modules] Streaming discord_krisp@1 to /home/tmcooper/.config/discord/0.0.90/modules/pending/discord_krisp-1.zip: 10%
4/5/2025, 2:43:56 PM GMT+2 [Modules] Streaming discord_krisp@1 to /home/tmcooper/.config/discord/0.0.90/modules/pending/discord_krisp-1.zip: 11%
4/5/2025, 2:43:56 PM GMT+2 [Modules] Streaming discord_krisp@1 to /home/tmcooper/.config/discord/0.0.90/modules/pending/discord_krisp-1.zip: 12%
4/5/2025, 2:43:56 PM GMT+2 [Modules] Streaming discord_krisp@1 to /home/tmcooper/.config/discord/0.0.90/modules/pending/discord_krisp-1.zip: 13%
4/5/2025, 2:43:56 PM GMT+2 [Modules] Streaming discord_krisp@1 to /home/tmcooper/.config/discord/0.0.90/modules/pending/discord_krisp-1.zip: 14%
4/5/2025, 2:43:56 PM GMT+2 [Modules] Streaming discord_krisp@1 to /home/tmcooper/.config/discord/0.0.90/modules/pending/discord_krisp-1.zip: 15%
4/5/2025, 2:43:56 PM GMT+2 [Modules] Streaming discord_krisp@1 to /home/tmcooper/.config/discord/0.0.90/modules/pending/discord_krisp-1.zip: 16%
4/5/2025, 2:43:56 PM GMT+2 [Modules] Streaming discord_krisp@1 to /home/tmcooper/.config/discord/0.0.90/modules/pending/discord_krisp-1.zip: 17%
4/5/2025, 2:43:56 PM GMT+2 [Modules] Streaming discord_krisp@1 to /home/tmcooper/.config/discord/0.0.90/modules/pending/discord_krisp-1.zip: 18%
4/5/2025, 2:43:56 PM GMT+2 [Modules] Streaming discord_krisp@1 to /home/tmcooper/.config/discord/0.0.90/modules/pending/discord_krisp-1.zip: 19%
4/5/2025, 2:43:56 PM GMT+2 [Modules] Streaming discord_krisp@1 to /home/tmcooper/.config/discord/0.0.90/modules/pending/discord_krisp-1.zip: 20%
4/5/2025, 2:43:56 PM GMT+2 [Modules] Streaming discord_krisp@1 to /home/tmcooper/.config/discord/0.0.90/modules/pending/discord_krisp-1.zip: 21%
4/5/2025, 2:43:57 PM GMT+2 [Modules] Streaming discord_krisp@1 to /home/tmcooper/.config/discord/0.0.90/modules/pending/discord_krisp-1.zip: 22%
4/5/2025, 2:43:57 PM GMT+2 [Modules] Streaming discord_krisp@1 to /home/tmcooper/.config/discord/0.0.90/modules/pending/discord_krisp-1.zip: 23%
4/5/2025, 2:43:57 PM GMT+2 [Modules] Streaming discord_krisp@1 to /home/tmcooper/.config/discord/0.0.90/modules/pending/discord_krisp-1.zip: 24%
4/5/2025, 2:43:57 PM GMT+2 [Modules] Streaming discord_krisp@1 to /home/tmcooper/.config/discord/0.0.90/modules/pending/discord_krisp-1.zip: 25%
4/5/2025, 2:43:57 PM GMT+2 [Modules] Streaming discord_krisp@1 to /home/tmcooper/.config/discord/0.0.90/modules/pending/discord_krisp-1.zip: 26%
4/5/2025, 2:43:57 PM GMT+2 [Modules] Streaming discord_krisp@1 to /home/tmcooper/.config/discord/0.0.90/modules/pending/discord_krisp-1.zip: 27%
4/5/2025, 2:43:57 PM GMT+2 [Modules] Streaming discord_krisp@1 to /home/tmcooper/.config/discord/0.0.90/modules/pending/discord_krisp-1.zip: 28%
4/5/2025, 2:43:57 PM GMT+2 [Modules] Streaming discord_krisp@1 to /home/tmcooper/.config/discord/0.0.90/modules/pending/discord_krisp-1.zip: 29%
4/5/2025, 2:43:57 PM GMT+2 [Modules] Streaming discord_krisp@1 to /home/tmcooper/.config/discord/0.0.90/modules/pending/discord_krisp-1.zip: 30%
4/5/2025, 2:43:57 PM GMT+2 [Modules] Streaming discord_krisp@1 to /home/tmcooper/.config/discord/0.0.90/modules/pending/discord_krisp-1.zip: 31%
4/5/2025, 2:43:57 PM GMT+2 [Modules] Streaming discord_krisp@1 to /home/tmcooper/.config/discord/0.0.90/modules/pending/discord_krisp-1.zip: 32%
4/5/2025, 2:43:57 PM GMT+2 [Modules] Streaming discord_krisp@1 to /home/tmcooper/.config/discord/0.0.90/modules/pending/discord_krisp-1.zip: 33%
4/5/2025, 2:43:58 PM GMT+2 [Modules] Streaming discord_krisp@1 to /home/tmcooper/.config/discord/0.0.90/modules/pending/discord_krisp-1.zip: 34%
4/5/2025, 2:43:58 PM GMT+2 [Modules] Streaming discord_krisp@1 to /home/tmcooper/.config/discord/0.0.90/modules/pending/discord_krisp-1.zip: 35%
4/5/2025, 2:43:58 PM GMT+2 [Modules] Streaming discord_krisp@1 to /home/tmcooper/.config/discord/0.0.90/modules/pending/discord_krisp-1.zip: 36%
4/5/2025, 2:43:58 PM GMT+2 [Modules] Streaming discord_krisp@1 to /home/tmcooper/.config/discord/0.0.90/modules/pending/discord_krisp-1.zip: 37%
4/5/2025, 2:43:58 PM GMT+2 [Modules] Streaming discord_krisp@1 to /home/tmcooper/.config/discord/0.0.90/modules/pending/discord_krisp-1.zip: 38%
4/5/2025, 2:43:58 PM GMT+2 [Modules] Streaming discord_krisp@1 to /home/tmcooper/.config/discord/0.0.90/modules/pending/discord_krisp-1.zip: 39%
4/5/2025, 2:43:58 PM GMT+2 [Modules] Streaming discord_krisp@1 to /home/tmcooper/.config/discord/0.0.90/modules/pending/discord_krisp-1.zip: 40%
4/5/2025, 2:43:58 PM GMT+2 [Modules] Streaming discord_krisp@1 to /home/tmcooper/.config/discord/0.0.90/modules/pending/discord_krisp-1.zip: 41%
4/5/2025, 2:43:58 PM GMT+2 [Modules] Streaming discord_krisp@1 to /home/tmcooper/.config/discord/0.0.90/modules/pending/discord_krisp-1.zip: 42%
4/5/2025, 2:43:58 PM GMT+2 [Modules] Streaming discord_krisp@1 to /home/tmcooper/.config/discord/0.0.90/modules/pending/discord_krisp-1.zip: 43%
4/5/2025, 2:43:59 PM GMT+2 [Modules] Streaming discord_krisp@1 to /home/tmcooper/.config/discord/0.0.90/modules/pending/discord_krisp-1.zip: 44%
4/5/2025, 2:43:59 PM GMT+2 [Modules] Streaming discord_krisp@1 to /home/tmcooper/.config/discord/0.0.90/modules/pending/discord_krisp-1.zip: 45%
4/5/2025, 2:43:59 PM GMT+2 [Modules] Streaming discord_krisp@1 to /home/tmcooper/.config/discord/0.0.90/modules/pending/discord_krisp-1.zip: 46%
4/5/2025, 2:43:59 PM GMT+2 [Modules] Streaming discord_krisp@1 to /home/tmcooper/.config/discord/0.0.90/modules/pending/discord_krisp-1.zip: 47%
4/5/2025, 2:43:59 PM GMT+2 [Modules] Streaming discord_krisp@1 to /home/tmcooper/.config/discord/0.0.90/modules/pending/discord_krisp-1.zip: 48%
4/5/2025, 2:43:59 PM GMT+2 [Modules] Streaming discord_krisp@1 to /home/tmcooper/.config/discord/0.0.90/modules/pending/discord_krisp-1.zip: 49%
4/5/2025, 2:44:00 PM GMT+2 [Modules] Streaming discord_krisp@1 to /home/tmcooper/.config/discord/0.0.90/modules/pending/discord_krisp-1.zip: 50%
4/5/2025, 2:44:01 PM GMT+2 [Modules] Streaming discord_krisp@1 to /home/tmcooper/.config/discord/0.0.90/modules/pending/discord_krisp-1.zip: 51%
4/5/2025, 2:44:01 PM GMT+2 [Modules] Streaming discord_krisp@1 to /home/tmcooper/.config/discord/0.0.90/modules/pending/discord_krisp-1.zip: 52%
4/5/2025, 2:44:01 PM GMT+2 [Modules] Streaming discord_krisp@1 to /home/tmcooper/.config/discord/0.0.90/modules/pending/discord_krisp-1.zip: 53%
4/5/2025, 2:44:01 PM GMT+2 [Modules] Streaming discord_krisp@1 to /home/tmcooper/.config/discord/0.0.90/modules/pending/discord_krisp-1.zip: 54%
4/5/2025, 2:44:01 PM GMT+2 [Modules] Streaming discord_krisp@1 to /home/tmcooper/.config/discord/0.0.90/modules/pending/discord_krisp-1.zip: 55%
4/5/2025, 2:44:01 PM GMT+2 [Modules] Streaming discord_krisp@1 to /home/tmcooper/.config/discord/0.0.90/modules/pending/discord_krisp-1.zip: 56%
4/5/2025, 2:44:01 PM GMT+2 [Modules] Streaming discord_krisp@1 to /home/tmcooper/.config/discord/0.0.90/modules/pending/discord_krisp-1.zip: 58%
4/5/2025, 2:44:01 PM GMT+2 [Modules] Streaming discord_krisp@1 to /home/tmcooper/.config/discord/0.0.90/modules/pending/discord_krisp-1.zip: 60%
4/5/2025, 2:44:01 PM GMT+2 [Modules] Streaming discord_krisp@1 to /home/tmcooper/.config/discord/0.0.90/modules/pending/discord_krisp-1.zip: 61%
4/5/2025, 2:44:01 PM GMT+2 [Modules] Streaming discord_krisp@1 to /home/tmcooper/.config/discord/0.0.90/modules/pending/discord_krisp-1.zip: 63%
4/5/2025, 2:44:01 PM GMT+2 [Modules] Streaming discord_krisp@1 to /home/tmcooper/.config/discord/0.0.90/modules/pending/discord_krisp-1.zip: 64%
4/5/2025, 2:44:01 PM GMT+2 [Modules] Streaming discord_krisp@1 to /home/tmcooper/.config/discord/0.0.90/modules/pending/discord_krisp-1.zip: 65%
4/5/2025, 2:44:01 PM GMT+2 [Modules] Streaming discord_krisp@1 to /home/tmcooper/.config/discord/0.0.90/modules/pending/discord_krisp-1.zip: 66%
4/5/2025, 2:44:01 PM GMT+2 [Modules] Streaming discord_krisp@1 to /home/tmcooper/.config/discord/0.0.90/modules/pending/discord_krisp-1.zip: 67%
4/5/2025, 2:44:01 PM GMT+2 [Modules] Streaming discord_krisp@1 to /home/tmcooper/.config/discord/0.0.90/modules/pending/discord_krisp-1.zip: 68%
4/5/2025, 2:44:01 PM GMT+2 [Modules] Streaming discord_krisp@1 to /home/tmcooper/.config/discord/0.0.90/modules/pending/discord_krisp-1.zip: 69%
4/5/2025, 2:44:01 PM GMT+2 [Modules] Streaming discord_krisp@1 to /home/tmcooper/.config/discord/0.0.90/modules/pending/discord_krisp-1.zip: 70%
4/5/2025, 2:44:01 PM GMT+2 [Modules] Streaming discord_krisp@1 to /home/tmcooper/.config/discord/0.0.90/modules/pending/discord_krisp-1.zip: 71%
4/5/2025, 2:44:01 PM GMT+2 [Modules] Streaming discord_krisp@1 to /home/tmcooper/.config/discord/0.0.90/modules/pending/discord_krisp-1.zip: 72%
4/5/2025, 2:44:02 PM GMT+2 [Modules] Streaming discord_krisp@1 to /home/tmcooper/.config/discord/0.0.90/modules/pending/discord_krisp-1.zip: 73%
4/5/2025, 2:44:02 PM GMT+2 [Modules] Streaming discord_krisp@1 to /home/tmcooper/.config/discord/0.0.90/modules/pending/discord_krisp-1.zip: 74%
4/5/2025, 2:44:02 PM GMT+2 [Modules] Streaming discord_krisp@1 to /home/tmcooper/.config/discord/0.0.90/modules/pending/discord_krisp-1.zip: 75%
4/5/2025, 2:44:02 PM GMT+2 [Modules] Streaming discord_krisp@1 to /home/tmcooper/.config/discord/0.0.90/modules/pending/discord_krisp-1.zip: 76%
4/5/2025, 2:44:02 PM GMT+2 [Modules] Streaming discord_krisp@1 to /home/tmcooper/.config/discord/0.0.90/modules/pending/discord_krisp-1.zip: 77%
4/5/2025, 2:44:02 PM GMT+2 [Modules] Streaming discord_krisp@1 to /home/tmcooper/.config/discord/0.0.90/modules/pending/discord_krisp-1.zip: 78%
4/5/2025, 2:44:02 PM GMT+2 [Modules] Streaming discord_krisp@1 to /home/tmcooper/.config/discord/0.0.90/modules/pending/discord_krisp-1.zip: 79%
4/5/2025, 2:44:02 PM GMT+2 [Modules] Streaming discord_krisp@1 to /home/tmcooper/.config/discord/0.0.90/modules/pending/discord_krisp-1.zip: 80%
4/5/2025, 2:44:02 PM GMT+2 [Modules] Streaming discord_krisp@1 to /home/tmcooper/.config/discord/0.0.90/modules/pending/discord_krisp-1.zip: 81%
4/5/2025, 2:44:02 PM GMT+2 [Modules] Streaming discord_krisp@1 to /home/tmcooper/.config/discord/0.0.90/modules/pending/discord_krisp-1.zip: 82%
4/5/2025, 2:44:03 PM GMT+2 [Modules] Streaming discord_krisp@1 to /home/tmcooper/.config/discord/0.0.90/modules/pending/discord_krisp-1.zip: 83%
4/5/2025, 2:44:03 PM GMT+2 [Modules] Streaming discord_krisp@1 to /home/tmcooper/.config/discord/0.0.90/modules/pending/discord_krisp-1.zip: 84%
4/5/2025, 2:44:03 PM GMT+2 [Modules] Streaming discord_krisp@1 to /home/tmcooper/.config/discord/0.0.90/modules/pending/discord_krisp-1.zip: 85%
4/5/2025, 2:44:03 PM GMT+2 [Modules] Streaming discord_krisp@1 to /home/tmcooper/.config/discord/0.0.90/modules/pending/discord_krisp-1.zip: 86%
4/5/2025, 2:44:03 PM GMT+2 [Modules] Checking for host updates.
4/5/2025, 2:44:03 PM GMT+2 [Modules] Streaming discord_krisp@1 to /home/tmcooper/.config/discord/0.0.90/modules/pending/discord_krisp-1.zip: 87%
4/5/2025, 2:44:03 PM GMT+2 [Modules] Streaming discord_krisp@1 to /home/tmcooper/.config/discord/0.0.90/modules/pending/discord_krisp-1.zip: 88%
4/5/2025, 2:44:03 PM GMT+2 [Modules] Streaming discord_krisp@1 to /home/tmcooper/.config/discord/0.0.90/modules/pending/discord_krisp-1.zip: 89%
4/5/2025, 2:44:03 PM GMT+2 [Modules] Streaming discord_krisp@1 to /home/tmcooper/.config/discord/0.0.90/modules/pending/discord_krisp-1.zip: 90%
4/5/2025, 2:44:03 PM GMT+2 [Modules] Streaming discord_krisp@1 to /home/tmcooper/.config/discord/0.0.90/modules/pending/discord_krisp-1.zip: 91%
4/5/2025, 2:44:03 PM GMT+2 [Modules] Starting to install discord_rpc...
4/5/2025, 2:44:03 PM GMT+2 [Modules] Streaming discord_krisp@1 to /home/tmcooper/.config/discord/0.0.90/modules/pending/discord_krisp-1.zip: 92%
4/5/2025, 2:44:03 PM GMT+2 [Modules] Streaming discord_krisp@1 to /home/tmcooper/.config/discord/0.0.90/modules/pending/discord_krisp-1.zip: 93%
4/5/2025, 2:44:04 PM GMT+2 [Modules] Streaming discord_krisp@1 to /home/tmcooper/.config/discord/0.0.90/modules/pending/discord_krisp-1.zip: 94%
4/5/2025, 2:44:04 PM GMT+2 [Modules] Host is up to date.
4/5/2025, 2:44:04 PM GMT+2 [Modules] Checking for module updates at https://discord.com/api/modules/stable/versions.json
4/5/2025, 2:44:04 PM GMT+2 [Modules] No module updates available.
4/5/2025, 2:44:04 PM GMT+2 [Modules] Streaming discord_krisp@1 to /home/tmcooper/.config/discord/0.0.90/modules/pending/discord_krisp-1.zip: 95%
4/5/2025, 2:44:04 PM GMT+2 [Modules] Streaming discord_krisp@1 to /home/tmcooper/.config/discord/0.0.90/modules/pending/discord_krisp-1.zip: 96%
4/5/2025, 2:44:04 PM GMT+2 [Modules] Streaming discord_krisp@1 to /home/tmcooper/.config/discord/0.0.90/modules/pending/discord_krisp-1.zip: 97%
4/5/2025, 2:44:04 PM GMT+2 [Modules] Streaming discord_krisp@1 to /home/tmcooper/.config/discord/0.0.90/modules/pending/discord_krisp-1.zip: 98%
4/5/2025, 2:44:04 PM GMT+2 [Modules] Streaming discord_krisp@1 to /home/tmcooper/.config/discord/0.0.90/modules/pending/discord_krisp-1.zip: 99%
4/5/2025, 2:44:04 PM GMT+2 [Modules] Streaming discord_krisp@1 to /home/tmcooper/.config/discord/0.0.90/modules/pending/discord_krisp-1.zip: 100%
4/5/2025, 2:44:04 PM GMT+2 [Modules] Fetching discord_game_utils@1 from https://discord.com/api/modules/stable/discord_game_utils/1
4/5/2025, 2:44:04 PM GMT+2 [Modules] Streaming discord_game_utils@1 to /home/tmcooper/.config/discord/0.0.90/modules/pending/discord_game_utils-1.zip
4/5/2025, 2:44:04 PM GMT+2 [Modules] Installing discord_krisp@1 from /home/tmcooper/.config/discord/0.0.90/modules/pending/discord_krisp-1.zip
4/5/2025, 2:44:05 PM GMT+2 [Modules] Streaming discord_game_utils@1 to /home/tmcooper/.config/discord/0.0.90/modules/pending/discord_game_utils-1.zip: 1%
4/5/2025, 2:44:05 PM GMT+2 [Modules] Streaming discord_game_utils@1 to /home/tmcooper/.config/discord/0.0.90/modules/pending/discord_game_utils-1.zip: 2%
4/5/2025, 2:44:05 PM GMT+2 [Modules] Streaming discord_game_utils@1 to /home/tmcooper/.config/discord/0.0.90/modules/pending/discord_game_utils-1.zip: 3%
4/5/2025, 2:44:05 PM GMT+2 [Modules] Streaming discord_game_utils@1 to /home/tmcooper/.config/discord/0.0.90/modules/pending/discord_game_utils-1.zip: 4%
4/5/2025, 2:44:05 PM GMT+2 [Modules] Streaming discord_game_utils@1 to /home/tmcooper/.config/discord/0.0.90/modules/pending/discord_game_utils-1.zip: 6%
4/5/2025, 2:44:05 PM GMT+2 [Modules] Streaming discord_game_utils@1 to /home/tmcooper/.config/discord/0.0.90/modules/pending/discord_game_utils-1.zip: 7%
4/5/2025, 2:44:05 PM GMT+2 [Modules] Streaming discord_game_utils@1 to /home/tmcooper/.config/discord/0.0.90/modules/pending/discord_game_utils-1.zip: 8%
4/5/2025, 2:44:05 PM GMT+2 [Modules] Streaming discord_game_utils@1 to /home/tmcooper/.config/discord/0.0.90/modules/pending/discord_game_utils-1.zip: 9%
4/5/2025, 2:44:05 PM GMT+2 [Modules] Streaming discord_game_utils@1 to /home/tmcooper/.config/discord/0.0.90/modules/pending/discord_game_utils-1.zip: 10%
4/5/2025, 2:44:05 PM GMT+2 [Modules] Streaming discord_game_utils@1 to /home/tmcooper/.config/discord/0.0.90/modules/pending/discord_game_utils-1.zip: 11%
4/5/2025, 2:44:05 PM GMT+2 [Modules] Streaming discord_game_utils@1 to /home/tmcooper/.config/discord/0.0.90/modules/pending/discord_game_utils-1.zip: 12%
4/5/2025, 2:44:05 PM GMT+2 [Modules] Streaming discord_game_utils@1 to /home/tmcooper/.config/discord/0.0.90/modules/pending/discord_game_utils-1.zip: 13%
4/5/2025, 2:44:05 PM GMT+2 [Modules] Streaming discord_game_utils@1 to /home/tmcooper/.config/discord/0.0.90/modules/pending/discord_game_utils-1.zip: 14%
4/5/2025, 2:44:05 PM GMT+2 [Modules] Streaming discord_game_utils@1 to /home/tmcooper/.config/discord/0.0.90/modules/pending/discord_game_utils-1.zip: 15%
4/5/2025, 2:44:05 PM GMT+2 [Modules] Streaming discord_game_utils@1 to /home/tmcooper/.config/discord/0.0.90/modules/pending/discord_game_utils-1.zip: 17%
4/5/2025, 2:44:05 PM GMT+2 [Modules] Streaming discord_game_utils@1 to /home/tmcooper/.config/discord/0.0.90/modules/pending/discord_game_utils-1.zip: 18%
4/5/2025, 2:44:05 PM GMT+2 [Modules] Streaming discord_game_utils@1 to /home/tmcooper/.config/discord/0.0.90/modules/pending/discord_game_utils-1.zip: 20%
4/5/2025, 2:44:05 PM GMT+2 [Modules] Streaming discord_game_utils@1 to /home/tmcooper/.config/discord/0.0.90/modules/pending/discord_game_utils-1.zip: 21%
4/5/2025, 2:44:05 PM GMT+2 [Modules] Streaming discord_game_utils@1 to /home/tmcooper/.config/discord/0.0.90/modules/pending/discord_game_utils-1.zip: 22%
4/5/2025, 2:44:05 PM GMT+2 [Modules] Streaming discord_game_utils@1 to /home/tmcooper/.config/discord/0.0.90/modules/pending/discord_game_utils-1.zip: 23%
4/5/2025, 2:44:05 PM GMT+2 [Modules] Streaming discord_game_utils@1 to /home/tmcooper/.config/discord/0.0.90/modules/pending/discord_game_utils-1.zip: 25%
4/5/2025, 2:44:05 PM GMT+2 [Modules] Streaming discord_game_utils@1 to /home/tmcooper/.config/discord/0.0.90/modules/pending/discord_game_utils-1.zip: 26%
4/5/2025, 2:44:05 PM GMT+2 [Modules] Streaming discord_game_utils@1 to /home/tmcooper/.config/discord/0.0.90/modules/pending/discord_game_utils-1.zip: 27%
4/5/2025, 2:44:05 PM GMT+2 [Modules] Streaming discord_game_utils@1 to /home/tmcooper/.config/discord/0.0.90/modules/pending/discord_game_utils-1.zip: 28%
4/5/2025, 2:44:05 PM GMT+2 [Modules] Streaming discord_game_utils@1 to /home/tmcooper/.config/discord/0.0.90/modules/pending/discord_game_utils-1.zip: 30%
4/5/2025, 2:44:05 PM GMT+2 [Modules] Streaming discord_game_utils@1 to /home/tmcooper/.config/discord/0.0.90/modules/pending/discord_game_utils-1.zip: 31%
4/5/2025, 2:44:05 PM GMT+2 [Modules] Streaming discord_game_utils@1 to /home/tmcooper/.config/discord/0.0.90/modules/pending/discord_game_utils-1.zip: 32%
4/5/2025, 2:44:05 PM GMT+2 [Modules] Streaming discord_game_utils@1 to /home/tmcooper/.config/discord/0.0.90/modules/pending/discord_game_utils-1.zip: 33%
4/5/2025, 2:44:05 PM GMT+2 [Modules] Streaming discord_game_utils@1 to /home/tmcooper/.config/discord/0.0.90/modules/pending/discord_game_utils-1.zip: 34%
4/5/2025, 2:44:05 PM GMT+2 [Modules] Streaming discord_game_utils@1 to /home/tmcooper/.config/discord/0.0.90/modules/pending/discord_game_utils-1.zip: 35%
4/5/2025, 2:44:05 PM GMT+2 [Modules] Streaming discord_game_utils@1 to /home/tmcooper/.config/discord/0.0.90/modules/pending/discord_game_utils-1.zip: 36%
4/5/2025, 2:44:05 PM GMT+2 [Modules] Streaming discord_game_utils@1 to /home/tmcooper/.config/discord/0.0.90/modules/pending/discord_game_utils-1.zip: 37%
4/5/2025, 2:44:05 PM GMT+2 [Modules] Streaming discord_game_utils@1 to /home/tmcooper/.config/discord/0.0.90/modules/pending/discord_game_utils-1.zip: 39%
4/5/2025, 2:44:05 PM GMT+2 [Modules] Streaming discord_game_utils@1 to /home/tmcooper/.config/discord/0.0.90/modules/pending/discord_game_utils-1.zip: 40%
4/5/2025, 2:44:05 PM GMT+2 [Modules] Streaming discord_game_utils@1 to /home/tmcooper/.config/discord/0.0.90/modules/pending/discord_game_utils-1.zip: 41%
4/5/2025, 2:44:05 PM GMT+2 [Modules] Streaming discord_game_utils@1 to /home/tmcooper/.config/discord/0.0.90/modules/pending/discord_game_utils-1.zip: 42%
4/5/2025, 2:44:05 PM GMT+2 [Modules] Streaming discord_game_utils@1 to /home/tmcooper/.config/discord/0.0.90/modules/pending/discord_game_utils-1.zip: 43%
4/5/2025, 2:44:05 PM GMT+2 [Modules] Streaming discord_game_utils@1 to /home/tmcooper/.config/discord/0.0.90/modules/pending/discord_game_utils-1.zip: 44%
4/5/2025, 2:44:05 PM GMT+2 [Modules] Streaming discord_game_utils@1 to /home/tmcooper/.config/discord/0.0.90/modules/pending/discord_game_utils-1.zip: 45%
4/5/2025, 2:44:05 PM GMT+2 [Modules] Streaming discord_game_utils@1 to /home/tmcooper/.config/discord/0.0.90/modules/pending/discord_game_utils-1.zip: 46%
4/5/2025, 2:44:05 PM GMT+2 [Modules] Streaming discord_game_utils@1 to /home/tmcooper/.config/discord/0.0.90/modules/pending/discord_game_utils-1.zip: 47%
4/5/2025, 2:44:05 PM GMT+2 [Modules] Streaming discord_game_utils@1 to /home/tmcooper/.config/discord/0.0.90/modules/pending/discord_game_utils-1.zip: 48%
4/5/2025, 2:44:05 PM GMT+2 [Modules] Streaming discord_game_utils@1 to /home/tmcooper/.config/discord/0.0.90/modules/pending/discord_game_utils-1.zip: 49%
4/5/2025, 2:44:05 PM GMT+2 [Modules] Streaming discord_game_utils@1 to /home/tmcooper/.config/discord/0.0.90/modules/pending/discord_game_utils-1.zip: 50%
4/5/2025, 2:44:05 PM GMT+2 [Modules] Streaming discord_game_utils@1 to /home/tmcooper/.config/discord/0.0.90/modules/pending/discord_game_utils-1.zip: 51%
4/5/2025, 2:44:05 PM GMT+2 [Modules] Streaming discord_game_utils@1 to /home/tmcooper/.config/discord/0.0.90/modules/pending/discord_game_utils-1.zip: 52%
4/5/2025, 2:44:05 PM GMT+2 [Modules] Streaming discord_game_utils@1 to /home/tmcooper/.config/discord/0.0.90/modules/pending/discord_game_utils-1.zip: 53%
4/5/2025, 2:44:05 PM GMT+2 [Modules] Streaming discord_game_utils@1 to /home/tmcooper/.config/discord/0.0.90/modules/pending/discord_game_utils-1.zip: 54%
4/5/2025, 2:44:05 PM GMT+2 [Modules] Streaming discord_game_utils@1 to /home/tmcooper/.config/discord/0.0.90/modules/pending/discord_game_utils-1.zip: 55%
4/5/2025, 2:44:05 PM GMT+2 [Modules] Streaming discord_game_utils@1 to /home/tmcooper/.config/discord/0.0.90/modules/pending/discord_game_utils-1.zip: 56%
4/5/2025, 2:44:05 PM GMT+2 [Modules] Streaming discord_game_utils@1 to /home/tmcooper/.config/discord/0.0.90/modules/pending/discord_game_utils-1.zip: 57%
4/5/2025, 2:44:05 PM GMT+2 [Modules] Streaming discord_game_utils@1 to /home/tmcooper/.config/discord/0.0.90/modules/pending/discord_game_utils-1.zip: 58%
4/5/2025, 2:44:05 PM GMT+2 [Modules] Streaming discord_game_utils@1 to /home/tmcooper/.config/discord/0.0.90/modules/pending/discord_game_utils-1.zip: 60%
4/5/2025, 2:44:05 PM GMT+2 [Modules] Streaming discord_game_utils@1 to /home/tmcooper/.config/discord/0.0.90/modules/pending/discord_game_utils-1.zip: 63%
4/5/2025, 2:44:05 PM GMT+2 [Modules] Streaming discord_game_utils@1 to /home/tmcooper/.config/discord/0.0.90/modules/pending/discord_game_utils-1.zip: 64%
4/5/2025, 2:44:05 PM GMT+2 [Modules] Streaming discord_game_utils@1 to /home/tmcooper/.config/discord/0.0.90/modules/pending/discord_game_utils-1.zip: 65%
4/5/2025, 2:44:05 PM GMT+2 [Modules] Streaming discord_game_utils@1 to /home/tmcooper/.config/discord/0.0.90/modules/pending/discord_game_utils-1.zip: 66%
4/5/2025, 2:44:05 PM GMT+2 [Modules] Streaming discord_game_utils@1 to /home/tmcooper/.config/discord/0.0.90/modules/pending/discord_game_utils-1.zip: 67%
4/5/2025, 2:44:05 PM GMT+2 [Modules] Streaming discord_game_utils@1 to /home/tmcooper/.config/discord/0.0.90/modules/pending/discord_game_utils-1.zip: 68%
4/5/2025, 2:44:05 PM GMT+2 [Modules] Streaming discord_game_utils@1 to /home/tmcooper/.config/discord/0.0.90/modules/pending/discord_game_utils-1.zip: 69%
4/5/2025, 2:44:05 PM GMT+2 [Modules] Streaming discord_game_utils@1 to /home/tmcooper/.config/discord/0.0.90/modules/pending/discord_game_utils-1.zip: 71%
4/5/2025, 2:44:05 PM GMT+2 [Modules] Streaming discord_game_utils@1 to /home/tmcooper/.config/discord/0.0.90/modules/pending/discord_game_utils-1.zip: 72%
4/5/2025, 2:44:05 PM GMT+2 [Modules] Streaming discord_game_utils@1 to /home/tmcooper/.config/discord/0.0.90/modules/pending/discord_game_utils-1.zip: 73%
4/5/2025, 2:44:05 PM GMT+2 [Modules] Streaming discord_game_utils@1 to /home/tmcooper/.config/discord/0.0.90/modules/pending/discord_game_utils-1.zip: 74%
4/5/2025, 2:44:05 PM GMT+2 [Modules] Streaming discord_game_utils@1 to /home/tmcooper/.config/discord/0.0.90/modules/pending/discord_game_utils-1.zip: 75%
4/5/2025, 2:44:05 PM GMT+2 [Modules] Streaming discord_game_utils@1 to /home/tmcooper/.config/discord/0.0.90/modules/pending/discord_game_utils-1.zip: 76%
4/5/2025, 2:44:05 PM GMT+2 [Modules] Streaming discord_game_utils@1 to /home/tmcooper/.config/discord/0.0.90/modules/pending/discord_game_utils-1.zip: 77%
4/5/2025, 2:44:05 PM GMT+2 [Modules] Streaming discord_game_utils@1 to /home/tmcooper/.config/discord/0.0.90/modules/pending/discord_game_utils-1.zip: 78%
4/5/2025, 2:44:05 PM GMT+2 [Modules] Streaming discord_game_utils@1 to /home/tmcooper/.config/discord/0.0.90/modules/pending/discord_game_utils-1.zip: 79%
4/5/2025, 2:44:05 PM GMT+2 [Modules] Streaming discord_game_utils@1 to /home/tmcooper/.config/discord/0.0.90/modules/pending/discord_game_utils-1.zip: 80%
4/5/2025, 2:44:05 PM GMT+2 [Modules] Streaming discord_game_utils@1 to /home/tmcooper/.config/discord/0.0.90/modules/pending/discord_game_utils-1.zip: 82%
4/5/2025, 2:44:05 PM GMT+2 [Modules] Streaming discord_game_utils@1 to /home/tmcooper/.config/discord/0.0.90/modules/pending/discord_game_utils-1.zip: 83%
4/5/2025, 2:44:05 PM GMT+2 [Modules] Streaming discord_game_utils@1 to /home/tmcooper/.config/discord/0.0.90/modules/pending/discord_game_utils-1.zip: 84%
4/5/2025, 2:44:05 PM GMT+2 [Modules] Streaming discord_game_utils@1 to /home/tmcooper/.config/discord/0.0.90/modules/pending/discord_game_utils-1.zip: 86%
4/5/2025, 2:44:06 PM GMT+2 [Modules] Streaming discord_game_utils@1 to /home/tmcooper/.config/discord/0.0.90/modules/pending/discord_game_utils-1.zip: 87%
4/5/2025, 2:44:06 PM GMT+2 [Modules] Streaming discord_game_utils@1 to /home/tmcooper/.config/discord/0.0.90/modules/pending/discord_game_utils-1.zip: 89%
4/5/2025, 2:44:06 PM GMT+2 [Modules] Streaming discord_game_utils@1 to /home/tmcooper/.config/discord/0.0.90/modules/pending/discord_game_utils-1.zip: 90%
4/5/2025, 2:44:06 PM GMT+2 [Modules] Streaming discord_game_utils@1 to /home/tmcooper/.config/discord/0.0.90/modules/pending/discord_game_utils-1.zip: 91%
4/5/2025, 2:44:06 PM GMT+2 [Modules] Streaming discord_game_utils@1 to /home/tmcooper/.config/discord/0.0.90/modules/pending/discord_game_utils-1.zip: 92%
4/5/2025, 2:44:06 PM GMT+2 [Modules] Streaming discord_game_utils@1 to /home/tmcooper/.config/discord/0.0.90/modules/pending/discord_game_utils-1.zip: 93%
4/5/2025, 2:44:06 PM GMT+2 [Modules] Finished module installations. [success: 1] [failure: 0]
4/5/2025, 2:44:06 PM GMT+2 [Modules] Streaming discord_game_utils@1 to /home/tmcooper/.config/discord/0.0.90/modules/pending/discord_game_utils-1.zip: 95%
4/5/2025, 2:44:06 PM GMT+2 [Modules] Streaming discord_game_utils@1 to /home/tmcooper/.config/discord/0.0.90/modules/pending/discord_game_utils-1.zip: 99%
4/5/2025, 2:44:06 PM GMT+2 [Modules] Streaming discord_game_utils@1 to /home/tmcooper/.config/discord/0.0.90/modules/pending/discord_game_utils-1.zip: 100%
4/5/2025, 2:44:06 PM GMT+2 [Modules] Fetching discord_rpc@1 from https://discord.com/api/modules/stable/discord_rpc/1
4/5/2025, 2:44:06 PM GMT+2 [Modules] Streaming discord_rpc@1 to /home/tmcooper/.config/discord/0.0.90/modules/pending/discord_rpc-1.zip
4/5/2025, 2:44:06 PM GMT+2 [Modules] Installing discord_game_utils@1 from /home/tmcooper/.config/discord/0.0.90/modules/pending/discord_game_utils-1.zip
4/5/2025, 2:44:06 PM GMT+2 [Modules] Finished module installations. [success: 1] [failure: 0]
4/5/2025, 2:44:06 PM GMT+2 [Modules] Streaming discord_rpc@1 to /home/tmcooper/.config/discord/0.0.90/modules/pending/discord_rpc-1.zip: 11%
4/5/2025, 2:44:06 PM GMT+2 [Modules] Streaming discord_rpc@1 to /home/tmcooper/.config/discord/0.0.90/modules/pending/discord_rpc-1.zip: 37%
4/5/2025, 2:44:06 PM GMT+2 [Modules] Streaming discord_rpc@1 to /home/tmcooper/.config/discord/0.0.90/modules/pending/discord_rpc-1.zip: 97%
4/5/2025, 2:44:06 PM GMT+2 [Modules] Streaming discord_rpc@1 to /home/tmcooper/.config/discord/0.0.90/modules/pending/discord_rpc-1.zip: 100%
4/5/2025, 2:44:06 PM GMT+2 [Modules] Finished module downloads. [success: 3] [failure: 0]
4/5/2025, 2:44:06 PM GMT+2 [Modules] Installing discord_rpc@1 from /home/tmcooper/.config/discord/0.0.90/modules/pending/discord_rpc-1.zip
4/5/2025, 2:44:06 PM GMT+2 [Modules] Finished module installations. [success: 1] [failure: 0]
4/5/2025, 3:26:15 PM GMT+2 [Modules] Modules initializing
4/5/2025, 3:26:16 PM GMT+2 [Modules] Distribution: remote
4/5/2025, 3:26:16 PM GMT+2 [Modules] Host updates: enabled
4/5/2025, 3:26:16 PM GMT+2 [Modules] Module updates: enabled
4/5/2025, 3:26:16 PM GMT+2 [Modules] Module install path: /home/tmcooper/.config/discord/0.0.90/modules
4/5/2025, 3:26:16 PM GMT+2 [Modules] Module installed file path: /home/tmcooper/.config/discord/0.0.90/modules/installed.json
4/5/2025, 3:26:16 PM GMT+2 [Modules] Module download path: /home/tmcooper/.config/discord/0.0.90/modules/pending
4/5/2025, 3:26:21 PM GMT+2 [Modules] No updates to install
4/5/2025, 3:26:21 PM GMT+2 [Modules] Checking for host updates.
4/5/2025, 3:26:22 PM GMT+2 [Modules] Host is up to date.
4/5/2025, 3:26:22 PM GMT+2 [Modules] Checking for module updates at https://discord.com/api/modules/stable/versions.json
4/5/2025, 3:26:22 PM GMT+2 [Modules] No module updates available.
4/5/2025, 3:26:34 PM GMT+2 [Modules] Checking for host updates.
4/5/2025, 3:26:34 PM GMT+2 [Modules] Host is up to date.
4/5/2025, 3:26:34 PM GMT+2 [Modules] Checking for module updates at https://discord.com/api/modules/stable/versions.json
4/5/2025, 3:26:34 PM GMT+2 [Modules] No module updates available.
4/5/2025, 3:35:58 PM GMT+2 [Modules] Modules initializing
4/5/2025, 3:35:58 PM GMT+2 [Modules] Distribution: remote
4/5/2025, 3:35:58 PM GMT+2 [Modules] Host updates: enabled
4/5/2025, 3:35:58 PM GMT+2 [Modules] Module updates: enabled
4/5/2025, 3:35:58 PM GMT+2 [Modules] Module install path: /home/tmcooper/.config/discord/0.0.90/modules
4/5/2025, 3:35:58 PM GMT+2 [Modules] Module installed file path: /home/tmcooper/.config/discord/0.0.90/modules/installed.json
4/5/2025, 3:35:58 PM GMT+2 [Modules] Module download path: /home/tmcooper/.config/discord/0.0.90/modules/pending
4/5/2025, 3:36:02 PM GMT+2 [Modules] No updates to install
4/5/2025, 3:36:02 PM GMT+2 [Modules] Checking for host updates.
4/5/2025, 3:36:03 PM GMT+2 [Modules] Host is up to date.
4/5/2025, 3:36:03 PM GMT+2 [Modules] Checking for module updates at https://discord.com/api/modules/stable/versions.json
4/5/2025, 3:36:04 PM GMT+2 [Modules] No module updates available.
4/5/2025, 3:36:10 PM GMT+2 [Modules] Checking for host updates.
4/5/2025, 3:36:11 PM GMT+2 [Modules] Host is up to date.
4/5/2025, 3:36:11 PM GMT+2 [Modules] Checking for module updates at https://discord.com/api/modules/stable/versions.json
4/5/2025, 3:36:11 PM GMT+2 [Modules] No module updates available.
4/5/2025, 4:36:10 PM GMT+2 [Modules] Checking for host updates.
4/5/2025, 4:36:11 PM GMT+2 [Modules] Host is up to date.
4/5/2025, 4:36:11 PM GMT+2 [Modules] Checking for module updates at https://discord.com/api/modules/stable/versions.json
4/5/2025, 4:36:11 PM GMT+2 [Modules] No module updates available.
4/5/2025, 4:57:20 PM GMT+2 [Modules] Modules initializing
4/5/2025, 4:57:20 PM GMT+2 [Modules] Distribution: remote
4/5/2025, 4:57:20 PM GMT+2 [Modules] Host updates: enabled
4/5/2025, 4:57:20 PM GMT+2 [Modules] Module updates: enabled
4/5/2025, 4:57:20 PM GMT+2 [Modules] Module install path: /home/tmcooper/.config/discord/0.0.90/modules
4/5/2025, 4:57:20 PM GMT+2 [Modules] Module installed file path: /home/tmcooper/.config/discord/0.0.90/modules/installed.json
4/5/2025, 4:57:20 PM GMT+2 [Modules] Module download path: /home/tmcooper/.config/discord/0.0.90/modules/pending
4/5/2025, 4:57:28 PM GMT+2 [Modules] No updates to install
4/5/2025, 4:57:28 PM GMT+2 [Modules] Checking for host updates.
4/5/2025, 4:57:29 PM GMT+2 [Modules] Host is up to date.
4/5/2025, 4:57:29 PM GMT+2 [Modules] Checking for module updates at https://discord.com/api/modules/stable/versions.json
4/5/2025, 4:57:29 PM GMT+2 [Modules] No module updates available.
4/5/2025, 4:57:40 PM GMT+2 [Modules] Checking for host updates.
4/5/2025, 4:57:40 PM GMT+2 [Modules] Host is up to date.
4/5/2025, 4:57:40 PM GMT+2 [Modules] Checking for module updates at https://discord.com/api/modules/stable/versions.json
4/5/2025, 4:57:40 PM GMT+2 [Modules] No module updates available.
4/5/2025, 5:57:40 PM GMT+2 [Modules] Checking for host updates.
4/5/2025, 5:57:40 PM GMT+2 [Modules] Host is up to date.
4/5/2025, 5:57:40 PM GMT+2 [Modules] Checking for module updates at https://discord.com/api/modules/stable/versions.json
4/5/2025, 5:57:41 PM GMT+2 [Modules] No module updates available.
4/5/2025, 6:57:40 PM GMT+2 [Modules] Checking for host updates.
4/5/2025, 6:57:41 PM GMT+2 [Modules] Host is up to date.
4/5/2025, 6:57:41 PM GMT+2 [Modules] Checking for module updates at https://discord.com/api/modules/stable/versions.json
4/5/2025, 6:57:41 PM GMT+2 [Modules] No module updates available.
4/5/2025, 7:57:40 PM GMT+2 [Modules] Checking for host updates.
4/5/2025, 7:57:40 PM GMT+2 [Modules] Host is up to date.
4/5/2025, 7:57:40 PM GMT+2 [Modules] Checking for module updates at https://discord.com/api/modules/stable/versions.json
4/5/2025, 7:57:40 PM GMT+2 [Modules] No module updates available.
